dispatch_id,candidate_id,op_kind,device,arch,cfg.M,cfg.N,cfg.K,cfg.subgroup_size,cfg.intrinsic_mn,cfg.intrinsic_k,cfg.lhs_type_bitwidth,cfg.rhs_type_bitwidth,cfg.subgroup_tile_m,cfg.subgroup_tile_n,cfg.subgroup_tile_k,cfg.promote_operands,cfg.codegen_pipeline,cfg.pipeline_options_search_space,cfg.allowed_waves_per_eu,cfg.padding,cfg.mma_attr,cfg.m,cfg.n,cfg.k,cfg.wg_x,cfg.wg_y,cfg.wg_z,cfg.sg_m_cnt,cfg.sg_n_cnt,compile_flags,compile_order_in_list,compile_status,benchmark_flags,to_benchmark,benchmark_device_id,benchmark_status,baseline_benchmark_time_ms,benchmark_time_ms,benchmark_optimal_time_ms,benchmark_speedup,benchmark_order_in_list,benchmark_result_order,benchmark_start_order_vs_result,benchmark_optimal_start_order,benchmark_avg_order_diff,benchmark_avg_top10_order_diff,candidate_spec_mlir
square_gemm_128_128_128_f32_f32_tB,0,contraction,sharkmi300x-4,gfx942,,,,,,,,,,,,,,,,,,,,,,,,,,"['--iree-hal-target-device=hip', '--iree-hip-target=gfx942', '--compile-from=executable-sources']",0,True,"['--input=1', '--benchmark_repetitions=3']",True,,False,,,,,,,,,,,tuning_2025_09_29_17_38/candidates/specs/0_spec.mlir
square_gemm_128_128_128_f32_f32_tB,1,contraction,sharkmi300x-4,gfx942,128,128,128,64,16,4,32,32,0,0,0,"[0, 1]",LLVMGPUVectorDistribute,"PipelineOptionsSearchSpace(prefetch_shared_memory=[True], no_reduce_shared_memory_bank_conflicts=[None], use_igemm_convolution=[None])",[2],,#iree_gpu.mma_layout<MFMA_F32_16x16x4_F32>,128,16,16,64,1,1,1,1,"['--iree-hal-target-device=hip', '--iree-hip-target=gfx942', '--compile-from=executable-sources']",1,True,"['--input=1', '--benchmark_repetitions=3']",True,hip://2,True,55.83,56.33,36.33,1.00896,31,77,46,104,48.0,,tuning_2025_09_29_17_38/candidates/specs/1_spec.mlir
square_gemm_128_128_128_f32_f32_tB,2,contraction,sharkmi300x-4,gfx942,128,128,128,64,16,4,32,32,0,0,0,"[0, 1]",LLVMGPUVectorDistribute,"PipelineOptionsSearchSpace(prefetch_shared_memory=[True], no_reduce_shared_memory_bank_conflicts=[None], use_igemm_convolution=[None])",[2],,#iree_gpu.mma_layout<MFMA_F32_16x16x4_F32>,128,64,16,128,2,1,2,2,"['--iree-hal-target-device=hip', '--iree-hip-target=gfx942', '--compile-from=executable-sources']",2,True,"['--input=1', '--benchmark_repetitions=3']",True,hip://7,True,57.17,55.67,36.33,0.97376,16,64,48,104,48.0,,tuning_2025_09_29_17_38/candidates/specs/2_spec.mlir
square_gemm_128_128_128_f32_f32_tB,3,contraction,sharkmi300x-4,gfx942,128,128,128,64,16,4,32,32,0,0,0,"[0, 1]",LLVMGPUVectorDistribute,"PipelineOptionsSearchSpace(prefetch_shared_memory=[True], no_reduce_shared_memory_bank_conflicts=[None], use_igemm_convolution=[None])",[2],,#iree_gpu.mma_layout<MFMA_F32_16x16x4_F32>,128,64,64,64,2,1,2,1,"['--iree-hal-target-device=hip', '--iree-hip-target=gfx942', '--compile-from=executable-sources']",3,True,"['--input=1', '--benchmark_repetitions=3']",True,hip://7,True,57.17,61.0,36.33,1.06706,53,120,67,104,48.0,,tuning_2025_09_29_17_38/candidates/specs/3_spec.mlir
square_gemm_128_128_128_f32_f32_tB,4,contraction,sharkmi300x-4,gfx942,128,128,128,64,16,4,32,32,0,0,0,"[0, 1]",LLVMGPUVectorDistribute,"PipelineOptionsSearchSpace(prefetch_shared_memory=[True], no_reduce_shared_memory_bank_conflicts=[None], use_igemm_convolution=[None])",[2],,#iree_gpu.mma_layout<MFMA_F32_16x16x4_F32>,64,128,16,128,2,1,2,2,"['--iree-hal-target-device=hip', '--iree-hip-target=gfx942', '--compile-from=executable-sources']",4,True,"['--input=1', '--benchmark_repetitions=3']",True,hip://6,True,58.0,60.0,36.33,1.03448,18,101,83,104,48.0,,tuning_2025_09_29_17_38/candidates/specs/4_spec.mlir
square_gemm_128_128_128_f32_f32_tB,5,contraction,sharkmi300x-4,gfx942,128,128,128,64,16,4,32,32,0,0,0,"[0, 1]",LLVMGPUVectorDistribute,"PipelineOptionsSearchSpace(prefetch_shared_memory=[True], no_reduce_shared_memory_bank_conflicts=[None], use_igemm_convolution=[None])",[2],,#iree_gpu.mma_layout<MFMA_F32_16x16x4_F32>,64,32,16,64,4,1,4,1,"['--iree-hal-target-device=hip', '--iree-hip-target=gfx942', '--compile-from=executable-sources']",5,True,"['--input=1', '--benchmark_repetitions=3']",True,hip://2,True,55.83,45.33,36.33,0.81194,13,12,1,104,48.0,,tuning_2025_09_29_17_38/candidates/specs/5_spec.mlir
square_gemm_128_128_128_f32_f32_tB,6,contraction,sharkmi300x-4,gfx942,128,128,128,64,16,4,32,32,0,0,0,"[0, 1]",LLVMGPUVectorDistribute,"PipelineOptionsSearchSpace(prefetch_shared_memory=[True], no_reduce_shared_memory_bank_conflicts=[None], use_igemm_convolution=[None])",[2],,#iree_gpu.mma_layout<MFMA_F32_16x16x4_F32>,128,16,32,64,4,1,4,1,"['--iree-hal-target-device=hip', '--iree-hip-target=gfx942', '--compile-from=executable-sources']",6,True,"['--input=1', '--benchmark_repetitions=3']",True,hip://6,True,58.0,55.0,36.33,0.94828,7,45,38,104,48.0,,tuning_2025_09_29_17_38/candidates/specs/6_spec.mlir
square_gemm_128_128_128_f32_f32_tB,7,contraction,sharkmi300x-4,gfx942,128,128,128,64,16,4,32,32,0,0,0,"[0, 1]",LLVMGPUVectorDistribute,"PipelineOptionsSearchSpace(prefetch_shared_memory=[True], no_reduce_shared_memory_bank_conflicts=[None], use_igemm_convolution=[None])",[2],,#iree_gpu.mma_layout<MFMA_F32_16x16x4_F32>,32,128,32,64,2,1,2,1,"['--iree-hal-target-device=hip', '--iree-hip-target=gfx942', '--compile-from=executable-sources']",7,True,"['--input=1', '--benchmark_repetitions=3']",True,hip://7,True,57.17,57.0,36.33,0.99708,44,72,28,104,48.0,,tuning_2025_09_29_17_38/candidates/specs/7_spec.mlir
square_gemm_128_128_128_f32_f32_tB,8,contraction,sharkmi300x-4,gfx942,128,128,128,64,16,4,32,32,0,0,0,"[0, 1]",LLVMGPUVectorDistribute,"PipelineOptionsSearchSpace(prefetch_shared_memory=[True], no_reduce_shared_memory_bank_conflicts=[None], use_igemm_convolution=[None])",[2],,#iree_gpu.mma_layout<MFMA_F32_16x16x4_F32>,64,16,64,64,1,1,1,1,"['--iree-hal-target-device=hip', '--iree-hip-target=gfx942', '--compile-from=executable-sources']",8,True,"['--input=1', '--benchmark_repetitions=3']",True,hip://5,True,49.17,44.33,36.33,0.90169,33,31,2,104,48.0,,tuning_2025_09_29_17_38/candidates/specs/8_spec.mlir
square_gemm_128_128_128_f32_f32_tB,9,contraction,sharkmi300x-4,gfx942,128,128,128,64,16,4,32,32,0,0,0,"[0, 1]",LLVMGPUVectorDistribute,"PipelineOptionsSearchSpace(prefetch_shared_memory=[True], no_reduce_shared_memory_bank_conflicts=[None], use_igemm_convolution=[None])",[2],,#iree_gpu.mma_layout<MFMA_F32_16x16x4_F32>,16,128,16,64,1,1,1,1,"['--iree-hal-target-device=hip', '--iree-hip-target=gfx942', '--compile-from=executable-sources']",9,True,"['--input=1', '--benchmark_repetitions=3']",True,hip://7,True,57.17,55.33,36.33,0.96793,32,57,25,104,48.0,,tuning_2025_09_29_17_38/candidates/specs/9_spec.mlir
square_gemm_128_128_128_f32_f32_tB,10,contraction,sharkmi300x-4,gfx942,128,128,128,64,16,4,32,32,0,0,0,"[0, 1]",LLVMGPUVectorDistribute,"PipelineOptionsSearchSpace(prefetch_shared_memory=[True], no_reduce_shared_memory_bank_conflicts=[None], use_igemm_convolution=[None])",[2],,#iree_gpu.mma_layout<MFMA_F32_16x16x4_F32>,128,32,64,128,4,1,4,2,"['--iree-hal-target-device=hip', '--iree-hip-target=gfx942', '--compile-from=executable-sources']",10,True,"['--input=1', '--benchmark_repetitions=3']",True,hip://5,True,49.17,47.67,36.33,0.96949,10,60,50,104,48.0,,tuning_2025_09_29_17_38/candidates/specs/10_spec.mlir
square_gemm_128_128_128_f32_f32_tB,11,contraction,sharkmi300x-4,gfx942,128,128,128,64,16,4,32,32,0,0,0,"[0, 1]",LLVMGPUVectorDistribute,"PipelineOptionsSearchSpace(prefetch_shared_memory=[True], no_reduce_shared_memory_bank_conflicts=[None], use_igemm_convolution=[None])",[2],,#iree_gpu.mma_layout<MFMA_F32_16x16x4_F32>,16,128,32,64,1,1,1,1,"['--iree-hal-target-device=hip', '--iree-hip-target=gfx942', '--compile-from=executable-sources']",11,True,"['--input=1', '--benchmark_repetitions=3']",True,hip://2,True,55.83,54.33,36.33,0.97313,47,62,15,104,48.0,,tuning_2025_09_29_17_38/candidates/specs/11_spec.mlir
square_gemm_128_128_128_f32_f32_tB,12,contraction,sharkmi300x-4,gfx942,128,128,128,64,16,4,32,32,0,0,0,"[0, 1]",LLVMGPUVectorDistribute,"PipelineOptionsSearchSpace(prefetch_shared_memory=[True], no_reduce_shared_memory_bank_conflicts=[None], use_igemm_convolution=[None])",[2],,#iree_gpu.mma_layout<MFMA_F32_16x16x4_F32>,128,128,16,64,8,1,8,1,"['--iree-hal-target-device=hip', '--iree-hip-target=gfx942', '--compile-from=executable-sources']",12,True,"['--input=1', '--benchmark_repetitions=3']",True,hip://7,True,57.17,61.0,36.33,1.06706,36,119,83,104,48.0,,tuning_2025_09_29_17_38/candidates/specs/12_spec.mlir
square_gemm_128_128_128_f32_f32_tB,13,contraction,sharkmi300x-4,gfx942,128,128,128,64,16,4,32,32,0,0,0,"[0, 1]",LLVMGPUVectorDistribute,"PipelineOptionsSearchSpace(prefetch_shared_memory=[True], no_reduce_shared_memory_bank_conflicts=[None], use_igemm_convolution=[None])",[2],,#iree_gpu.mma_layout<MFMA_F32_16x16x4_F32>,128,32,64,128,2,1,2,2,"['--iree-hal-target-device=hip', '--iree-hip-target=gfx942', '--compile-from=executable-sources']",13,True,"['--input=1', '--benchmark_repetitions=3']",True,hip://7,True,57.17,56.67,36.33,0.99125,27,68,41,104,48.0,,tuning_2025_09_29_17_38/candidates/specs/13_spec.mlir
square_gemm_128_128_128_f32_f32_tB,14,contraction,sharkmi300x-4,gfx942,128,128,128,64,16,4,32,32,0,0,0,"[0, 1]",LLVMGPUVectorDistribute,"PipelineOptionsSearchSpace(prefetch_shared_memory=[True], no_reduce_shared_memory_bank_conflicts=[None], use_igemm_convolution=[None])",[2],,#iree_gpu.mma_layout<MFMA_F32_16x16x4_F32>,32,128,64,64,1,1,1,1,"['--iree-hal-target-device=hip', '--iree-hip-target=gfx942', '--compile-from=executable-sources']",14,True,"['--input=1', '--benchmark_repetitions=3']",True,hip://5,True,49.17,54.67,36.33,1.11186,89,126,37,104,48.0,,tuning_2025_09_29_17_38/candidates/specs/14_spec.mlir
square_gemm_128_128_128_f32_f32_tB,15,contraction,sharkmi300x-4,gfx942,128,128,128,64,16,4,32,32,0,0,0,"[0, 1]",LLVMGPUVectorDistribute,"PipelineOptionsSearchSpace(prefetch_shared_memory=[True], no_reduce_shared_memory_bank_conflicts=[None], use_igemm_convolution=[None])",[2],,#iree_gpu.mma_layout<MFMA_F32_16x16x4_F32>,128,64,16,64,8,1,8,1,"['--iree-hal-target-device=hip', '--iree-hip-target=gfx942', '--compile-from=executable-sources']",15,True,"['--input=1', '--benchmark_repetitions=3']",True,hip://7,True,57.17,54.67,36.33,0.95627,6,52,46,104,48.0,,tuning_2025_09_29_17_38/candidates/specs/15_spec.mlir
square_gemm_128_128_128_f32_f32_tB,16,contraction,sharkmi300x-4,gfx942,128,128,128,64,16,4,32,32,0,0,0,"[0, 1]",LLVMGPUVectorDistribute,"PipelineOptionsSearchSpace(prefetch_shared_memory=[True], no_reduce_shared_memory_bank_conflicts=[None], use_igemm_convolution=[None])",[2],,#iree_gpu.mma_layout<MFMA_F32_16x16x4_F32>,32,64,128,64,1,1,1,1,"['--iree-hal-target-device=hip', '--iree-hip-target=gfx942', '--compile-from=executable-sources']",16,True,"['--input=1', '--benchmark_repetitions=3']",True,hip://6,True,58.0,59.67,36.33,1.02874,52,95,43,104,48.0,,tuning_2025_09_29_17_38/candidates/specs/16_spec.mlir
square_gemm_128_128_128_f32_f32_tB,17,contraction,sharkmi300x-4,gfx942,128,128,128,64,16,4,32,32,0,0,0,"[0, 1]",LLVMGPUVectorDistribute,"PipelineOptionsSearchSpace(prefetch_shared_memory=[True], no_reduce_shared_memory_bank_conflicts=[None], use_igemm_convolution=[None])",[2],,#iree_gpu.mma_layout<MFMA_F32_16x16x4_F32>,128,128,64,64,4,1,4,1,"['--iree-hal-target-device=hip', '--iree-hip-target=gfx942', '--compile-from=executable-sources']",17,True,"['--input=1', '--benchmark_repetitions=3']",True,hip://5,True,49.17,69.67,36.33,1.41695,55,151,96,104,48.0,,tuning_2025_09_29_17_38/candidates/specs/17_spec.mlir
square_gemm_128_128_128_f32_f32_tB,18,contraction,sharkmi300x-4,gfx942,128,128,128,64,16,4,32,32,0,0,0,"[0, 1]",LLVMGPUVectorDistribute,"PipelineOptionsSearchSpace(prefetch_shared_memory=[True], no_reduce_shared_memory_bank_conflicts=[None], use_igemm_convolution=[None])",[2],,#iree_gpu.mma_layout<MFMA_F32_16x16x4_F32>,128,32,16,128,2,1,2,2,"['--iree-hal-target-device=hip', '--iree-hip-target=gfx942', '--compile-from=executable-sources']",18,True,"['--input=1', '--benchmark_repetitions=3']",True,hip://2,True,55.83,55.67,36.33,0.99701,11,70,59,104,48.0,,tuning_2025_09_29_17_38/candidates/specs/18_spec.mlir
square_gemm_128_128_128_f32_f32_tB,19,contraction,sharkmi300x-4,gfx942,128,128,128,64,16,4,32,32,0,0,0,"[0, 1]",LLVMGPUVectorDistribute,"PipelineOptionsSearchSpace(prefetch_shared_memory=[True], no_reduce_shared_memory_bank_conflicts=[None], use_igemm_convolution=[None])",[2],,#iree_gpu.mma_layout<MFMA_F32_16x16x4_F32>,128,32,64,64,1,1,1,1,"['--iree-hal-target-device=hip', '--iree-hip-target=gfx942', '--compile-from=executable-sources']",19,True,"['--input=1', '--benchmark_repetitions=3']",True,hip://7,True,57.17,55.0,36.33,0.9621,83,54,29,104,48.0,,tuning_2025_09_29_17_38/candidates/specs/19_spec.mlir
square_gemm_128_128_128_f32_f32_tB,20,contraction,sharkmi300x-4,gfx942,128,128,128,64,16,4,32,32,0,0,0,"[0, 1]",LLVMGPUVectorDistribute,"PipelineOptionsSearchSpace(prefetch_shared_memory=[True], no_reduce_shared_memory_bank_conflicts=[None], use_igemm_convolution=[None])",[2],,#iree_gpu.mma_layout<MFMA_F32_16x16x4_F32>,16,64,64,64,1,1,1,1,"['--iree-hal-target-device=hip', '--iree-hip-target=gfx942', '--compile-from=executable-sources']",20,True,"['--input=1', '--benchmark_repetitions=3']",True,hip://5,True,49.17,57.33,36.33,1.1661,37,138,101,104,48.0,,tuning_2025_09_29_17_38/candidates/specs/20_spec.mlir
square_gemm_128_128_128_f32_f32_tB,21,contraction,sharkmi300x-4,gfx942,128,128,128,64,16,4,32,32,0,0,0,"[0, 1]",LLVMGPUVectorDistribute,"PipelineOptionsSearchSpace(prefetch_shared_memory=[True], no_reduce_shared_memory_bank_conflicts=[None], use_igemm_convolution=[None])",[2],,#iree_gpu.mma_layout<MFMA_F32_16x16x4_F32>,128,128,16,128,2,1,2,2,"['--iree-hal-target-device=hip', '--iree-hip-target=gfx942', '--compile-from=executable-sources']",21,True,"['--input=1', '--benchmark_repetitions=3']",True,hip://2,True,55.83,56.67,36.33,1.01493,39,84,45,104,48.0,,tuning_2025_09_29_17_38/candidates/specs/21_spec.mlir
square_gemm_128_128_128_f32_f32_tB,22,contraction,sharkmi300x-4,gfx942,128,128,128,64,16,4,32,32,0,0,0,"[0, 1]",LLVMGPUVectorDistribute,"PipelineOptionsSearchSpace(prefetch_shared_memory=[True], no_reduce_shared_memory_bank_conflicts=[None], use_igemm_convolution=[None])",[2],,#iree_gpu.mma_layout<MFMA_F32_16x16x4_F32>,32,64,64,64,1,1,1,1,"['--iree-hal-target-device=hip', '--iree-hip-target=gfx942', '--compile-from=executable-sources']",22,True,"['--input=1', '--benchmark_repetitions=3']",True,hip://5,True,49.17,58.33,36.33,1.18644,46,140,94,104,48.0,,tuning_2025_09_29_17_38/candidates/specs/22_spec.mlir
square_gemm_128_128_128_f32_f32_tB,23,contraction,sharkmi300x-4,gfx942,128,128,128,64,16,4,32,32,0,0,0,"[0, 1]",LLVMGPUVectorDistribute,"PipelineOptionsSearchSpace(prefetch_shared_memory=[True], no_reduce_shared_memory_bank_conflicts=[None], use_igemm_convolution=[None])",[2],,#iree_gpu.mma_layout<MFMA_F32_16x16x4_F32>,64,32,32,64,4,1,4,1,"['--iree-hal-target-device=hip', '--iree-hip-target=gfx942', '--compile-from=executable-sources']",23,True,"['--input=1', '--benchmark_repetitions=3']",True,hip://2,True,55.83,57.0,36.33,1.0209,8,86,78,104,48.0,,tuning_2025_09_29_17_38/candidates/specs/23_spec.mlir
square_gemm_128_128_128_f32_f32_tB,24,contraction,sharkmi300x-4,gfx942,128,128,128,64,16,4,32,32,0,0,0,"[0, 1]",LLVMGPUVectorDistribute,"PipelineOptionsSearchSpace(prefetch_shared_memory=[True], no_reduce_shared_memory_bank_conflicts=[None], use_igemm_convolution=[None])",[2],,#iree_gpu.mma_layout<MFMA_F32_16x16x4_F32>,128,64,64,128,4,1,4,2,"['--iree-hal-target-device=hip', '--iree-hip-target=gfx942', '--compile-from=executable-sources']",24,True,"['--input=1', '--benchmark_repetitions=3']",True,hip://5,True,49.17,50.33,36.33,1.02373,25,89,64,104,48.0,,tuning_2025_09_29_17_38/candidates/specs/24_spec.mlir
square_gemm_128_128_128_f32_f32_tB,25,contraction,sharkmi300x-4,gfx942,128,128,128,64,16,4,32,32,0,0,0,"[0, 1]",LLVMGPUVectorDistribute,"PipelineOptionsSearchSpace(prefetch_shared_memory=[True], no_reduce_shared_memory_bank_conflicts=[None], use_igemm_convolution=[None])",[2],,#iree_gpu.mma_layout<MFMA_F32_16x16x4_F32>,64,32,64,64,2,1,2,1,"['--iree-hal-target-device=hip', '--iree-hip-target=gfx942', '--compile-from=executable-sources']",25,True,"['--input=1', '--benchmark_repetitions=3']",True,hip://2,True,55.83,48.33,36.33,0.86567,21,20,1,104,48.0,,tuning_2025_09_29_17_38/candidates/specs/25_spec.mlir
square_gemm_128_128_128_f32_f32_tB,26,contraction,sharkmi300x-4,gfx942,128,128,128,64,16,4,32,32,0,0,0,"[0, 1]",LLVMGPUVectorDistribute,"PipelineOptionsSearchSpace(prefetch_shared_memory=[True], no_reduce_shared_memory_bank_conflicts=[None], use_igemm_convolution=[None])",[2],,#iree_gpu.mma_layout<MFMA_F32_16x16x4_F32>,32,64,64,64,2,1,2,1,"['--iree-hal-target-device=hip', '--iree-hip-target=gfx942', '--compile-from=executable-sources']",26,True,"['--input=1', '--benchmark_repetitions=3']",True,hip://5,True,49.17,57.33,36.33,1.1661,24,137,113,104,48.0,,tuning_2025_09_29_17_38/candidates/specs/26_spec.mlir
square_gemm_128_128_128_f32_f32_tB,27,contraction,sharkmi300x-4,gfx942,128,128,128,64,16,4,32,32,0,0,0,"[0, 1]",LLVMGPUVectorDistribute,"PipelineOptionsSearchSpace(prefetch_shared_memory=[True], no_reduce_shared_memory_bank_conflicts=[None], use_igemm_convolution=[None])",[2],,#iree_gpu.mma_layout<MFMA_F32_16x16x4_F32>,64,64,128,64,4,1,4,1,"['--iree-hal-target-device=hip', '--iree-hip-target=gfx942', '--compile-from=executable-sources']",27,True,"['--input=1', '--benchmark_repetitions=3']",True,hip://6,True,58.0,60.67,36.33,1.04598,38,109,71,104,48.0,,tuning_2025_09_29_17_38/candidates/specs/27_spec.mlir
square_gemm_128_128_128_f32_f32_tB,28,contraction,sharkmi300x-4,gfx942,128,128,128,64,16,4,32,32,0,0,0,"[0, 1]",LLVMGPUVectorDistribute,"PipelineOptionsSearchSpace(prefetch_shared_memory=[True], no_reduce_shared_memory_bank_conflicts=[None], use_igemm_convolution=[None])",[2],,#iree_gpu.mma_layout<MFMA_F32_16x16x4_F32>,64,64,128,64,1,1,1,1,"['--iree-hal-target-device=hip', '--iree-hip-target=gfx942', '--compile-from=executable-sources']",28,True,"['--input=1', '--benchmark_repetitions=3']",True,hip://7,True,57.17,59.0,36.33,1.03207,87,98,11,104,48.0,,tuning_2025_09_29_17_38/candidates/specs/28_spec.mlir
square_gemm_128_128_128_f32_f32_tB,29,contraction,sharkmi300x-4,gfx942,128,128,128,64,16,4,32,32,0,0,0,"[0, 1]",LLVMGPUVectorDistribute,"PipelineOptionsSearchSpace(prefetch_shared_memory=[True], no_reduce_shared_memory_bank_conflicts=[None], use_igemm_convolution=[None])",[2],,#iree_gpu.mma_layout<MFMA_F32_16x16x4_F32>,128,32,16,128,1,1,1,2,"['--iree-hal-target-device=hip', '--iree-hip-target=gfx942', '--compile-from=executable-sources']",29,True,"['--input=1', '--benchmark_repetitions=3']",True,hip://6,True,58.0,60.0,36.33,1.03448,34,102,68,104,48.0,,tuning_2025_09_29_17_38/candidates/specs/29_spec.mlir
square_gemm_128_128_128_f32_f32_tB,30,contraction,sharkmi300x-4,gfx942,128,128,128,64,16,4,32,32,0,0,0,"[0, 1]",LLVMGPUVectorDistribute,"PipelineOptionsSearchSpace(prefetch_shared_memory=[True], no_reduce_shared_memory_bank_conflicts=[None], use_igemm_convolution=[None])",[2],,#iree_gpu.mma_layout<MFMA_F32_16x16x4_F32>,64,16,16,64,4,1,4,1,"['--iree-hal-target-device=hip', '--iree-hip-target=gfx942', '--compile-from=executable-sources']",30,True,"['--input=1', '--benchmark_repetitions=3']",True,hip://2,True,55.83,53.0,36.33,0.94925,1,46,45,104,48.0,,tuning_2025_09_29_17_38/candidates/specs/30_spec.mlir
square_gemm_128_128_128_f32_f32_tB,31,contraction,sharkmi300x-4,gfx942,128,128,128,64,16,4,32,32,0,0,0,"[0, 1]",LLVMGPUVectorDistribute,"PipelineOptionsSearchSpace(prefetch_shared_memory=[True], no_reduce_shared_memory_bank_conflicts=[None], use_igemm_convolution=[None])",[2],,#iree_gpu.mma_layout<MFMA_F32_16x16x4_F32>,128,32,32,128,1,1,1,2,"['--iree-hal-target-device=hip', '--iree-hip-target=gfx942', '--compile-from=executable-sources']",31,True,"['--input=1', '--benchmark_repetitions=3']",True,hip://7,True,57.17,55.67,36.33,0.97376,48,65,17,104,48.0,,tuning_2025_09_29_17_38/candidates/specs/31_spec.mlir
square_gemm_128_128_128_f32_f32_tB,32,contraction,sharkmi300x-4,gfx942,128,128,128,64,16,4,32,32,0,0,0,"[0, 1]",LLVMGPUVectorDistribute,"PipelineOptionsSearchSpace(prefetch_shared_memory=[True], no_reduce_shared_memory_bank_conflicts=[None], use_igemm_convolution=[None])",[2],,#iree_gpu.mma_layout<MFMA_F32_16x16x4_F32>,32,128,16,128,2,1,2,2,"['--iree-hal-target-device=hip', '--iree-hip-target=gfx942', '--compile-from=executable-sources']",32,True,"['--input=1', '--benchmark_repetitions=3']",True,hip://5,True,49.17,63.33,36.33,1.28814,14,149,135,104,48.0,,tuning_2025_09_29_17_38/candidates/specs/32_spec.mlir
square_gemm_128_128_128_f32_f32_tB,33,contraction,sharkmi300x-4,gfx942,128,128,128,64,16,4,32,32,0,0,0,"[0, 1]",LLVMGPUVectorDistribute,"PipelineOptionsSearchSpace(prefetch_shared_memory=[True], no_reduce_shared_memory_bank_conflicts=[None], use_igemm_convolution=[None])",[2],,#iree_gpu.mma_layout<MFMA_F32_16x16x4_F32>,128,16,16,64,2,1,2,1,"['--iree-hal-target-device=hip', '--iree-hip-target=gfx942', '--compile-from=executable-sources']",33,True,"['--input=1', '--benchmark_repetitions=3']",True,hip://7,True,57.17,50.0,36.33,0.87464,12,24,12,104,48.0,,tuning_2025_09_29_17_38/candidates/specs/33_spec.mlir
square_gemm_128_128_128_f32_f32_tB,34,contraction,sharkmi300x-4,gfx942,128,128,128,64,16,4,32,32,0,0,0,"[0, 1]",LLVMGPUVectorDistribute,"PipelineOptionsSearchSpace(prefetch_shared_memory=[True], no_reduce_shared_memory_bank_conflicts=[None], use_igemm_convolution=[None])",[2],,#iree_gpu.mma_layout<MFMA_F32_16x16x4_F32>,128,32,64,64,2,1,2,1,"['--iree-hal-target-device=hip', '--iree-hip-target=gfx942', '--compile-from=executable-sources']",34,True,"['--input=1', '--benchmark_repetitions=3']",True,hip://2,True,55.83,55.67,36.33,0.99701,42,71,29,104,48.0,,tuning_2025_09_29_17_38/candidates/specs/34_spec.mlir
square_gemm_128_128_128_f32_f32_tB,35,contraction,sharkmi300x-4,gfx942,128,128,128,64,16,4,32,32,0,0,0,"[0, 1]",LLVMGPUVectorDistribute,"PipelineOptionsSearchSpace(prefetch_shared_memory=[True], no_reduce_shared_memory_bank_conflicts=[None], use_igemm_convolution=[None])",[2],,#iree_gpu.mma_layout<MFMA_F32_16x16x4_F32>,128,16,64,64,8,1,8,1,"['--iree-hal-target-device=hip', '--iree-hip-target=gfx942', '--compile-from=executable-sources']",35,True,"['--input=1', '--benchmark_repetitions=3']",True,hip://6,True,58.0,57.67,36.33,0.99425,3,69,66,104,48.0,,tuning_2025_09_29_17_38/candidates/specs/35_spec.mlir
square_gemm_128_128_128_f32_f32_tB,36,contraction,sharkmi300x-4,gfx942,128,128,128,64,16,4,32,32,0,0,0,"[0, 1]",LLVMGPUVectorDistribute,"PipelineOptionsSearchSpace(prefetch_shared_memory=[True], no_reduce_shared_memory_bank_conflicts=[None], use_igemm_convolution=[None])",[2],,#iree_gpu.mma_layout<MFMA_F32_16x16x4_F32>,64,128,16,128,4,1,4,2,"['--iree-hal-target-device=hip', '--iree-hip-target=gfx942', '--compile-from=executable-sources']",36,True,"['--input=1', '--benchmark_repetitions=3']",True,hip://7,True,57.17,53.0,36.33,0.92711,4,39,35,104,48.0,,tuning_2025_09_29_17_38/candidates/specs/36_spec.mlir
square_gemm_128_128_128_f32_f32_tB,37,contraction,sharkmi300x-4,gfx942,128,128,128,64,16,4,32,32,0,0,0,"[0, 1]",LLVMGPUVectorDistribute,"PipelineOptionsSearchSpace(prefetch_shared_memory=[True], no_reduce_shared_memory_bank_conflicts=[None], use_igemm_convolution=[None])",[2],,#iree_gpu.mma_layout<MFMA_F32_16x16x4_F32>,128,32,16,64,8,1,8,1,"['--iree-hal-target-device=hip', '--iree-hip-target=gfx942', '--compile-from=executable-sources']",37,True,"['--input=1', '--benchmark_repetitions=3']",True,hip://5,True,49.17,51.0,36.33,1.03729,2,104,102,104,48.0,,tuning_2025_09_29_17_38/candidates/specs/37_spec.mlir
square_gemm_128_128_128_f32_f32_tB,38,contraction,sharkmi300x-4,gfx942,128,128,128,64,16,4,32,32,0,0,0,"[0, 1]",LLVMGPUVectorDistribute,"PipelineOptionsSearchSpace(prefetch_shared_memory=[True], no_reduce_shared_memory_bank_conflicts=[None], use_igemm_convolution=[None])",[2],,#iree_gpu.mma_layout<MFMA_F32_16x16x4_F32>,32,64,16,64,2,1,2,1,"['--iree-hal-target-device=hip', '--iree-hip-target=gfx942', '--compile-from=executable-sources']",38,True,"['--input=1', '--benchmark_repetitions=3']",True,hip://6,True,58.0,53.33,36.33,0.91954,15,38,23,104,48.0,,tuning_2025_09_29_17_38/candidates/specs/38_spec.mlir
square_gemm_128_128_128_f32_f32_tB,39,contraction,sharkmi300x-4,gfx942,128,128,128,64,16,4,32,32,0,0,0,"[0, 1]",LLVMGPUVectorDistribute,"PipelineOptionsSearchSpace(prefetch_shared_memory=[True], no_reduce_shared_memory_bank_conflicts=[None], use_igemm_convolution=[None])",[2],,#iree_gpu.mma_layout<MFMA_F32_16x16x4_F32>,64,64,64,64,1,1,1,1,"['--iree-hal-target-device=hip', '--iree-hip-target=gfx942', '--compile-from=executable-sources']",39,True,"['--input=1', '--benchmark_repetitions=3']",True,hip://7,True,57.17,53.67,36.33,0.93878,57,43,14,104,48.0,,tuning_2025_09_29_17_38/candidates/specs/39_spec.mlir
square_gemm_128_128_128_f32_f32_tB,40,contraction,sharkmi300x-4,gfx942,128,128,128,64,16,4,32,32,0,0,0,"[0, 1]",LLVMGPUVectorDistribute,"PipelineOptionsSearchSpace(prefetch_shared_memory=[True], no_reduce_shared_memory_bank_conflicts=[None], use_igemm_convolution=[None])",[2],,#iree_gpu.mma_layout<MFMA_F32_16x16x4_F32>,32,128,16,64,2,1,2,1,"['--iree-hal-target-device=hip', '--iree-hip-target=gfx942', '--compile-from=executable-sources']",40,True,"['--input=1', '--benchmark_repetitions=3']",True,hip://2,True,55.83,56.33,36.33,1.00896,35,78,43,104,48.0,,tuning_2025_09_29_17_38/candidates/specs/40_spec.mlir
square_gemm_128_128_128_f32_f32_tB,41,contraction,sharkmi300x-4,gfx942,128,128,128,64,16,4,32,32,0,0,0,"[0, 1]",LLVMGPUVectorDistribute,"PipelineOptionsSearchSpace(prefetch_shared_memory=[True], no_reduce_shared_memory_bank_conflicts=[None], use_igemm_convolution=[None])",[2],,#iree_gpu.mma_layout<MFMA_F32_16x16x4_F32>,128,128,16,128,1,1,1,2,"['--iree-hal-target-device=hip', '--iree-hip-target=gfx942', '--compile-from=executable-sources']",41,True,"['--input=1', '--benchmark_repetitions=3']",True,hip://2,True,55.83,64.33,36.33,1.15224,62,134,72,104,48.0,,tuning_2025_09_29_17_38/candidates/specs/41_spec.mlir
square_gemm_128_128_128_f32_f32_tB,42,contraction,sharkmi300x-4,gfx942,128,128,128,64,16,4,32,32,0,0,0,"[0, 1]",LLVMGPUVectorDistribute,"PipelineOptionsSearchSpace(prefetch_shared_memory=[True], no_reduce_shared_memory_bank_conflicts=[None], use_igemm_convolution=[None])",[2],,#iree_gpu.mma_layout<MFMA_F32_16x16x4_F32>,128,64,16,64,1,1,1,1,"['--iree-hal-target-device=hip', '--iree-hip-target=gfx942', '--compile-from=executable-sources']",42,True,"['--input=1', '--benchmark_repetitions=3']",True,hip://2,True,55.83,69.67,36.33,1.24776,66,147,81,104,48.0,,tuning_2025_09_29_17_38/candidates/specs/42_spec.mlir
square_gemm_128_128_128_f32_f32_tB,43,contraction,sharkmi300x-4,gfx942,128,128,128,64,16,4,32,32,0,0,0,"[0, 1]",LLVMGPUVectorDistribute,"PipelineOptionsSearchSpace(prefetch_shared_memory=[True], no_reduce_shared_memory_bank_conflicts=[None], use_igemm_convolution=[None])",[2],,#iree_gpu.mma_layout<MFMA_F32_16x16x4_F32>,128,32,64,128,1,1,1,2,"['--iree-hal-target-device=hip', '--iree-hip-target=gfx942', '--compile-from=executable-sources']",43,True,"['--input=1', '--benchmark_repetitions=3']",True,hip://6,True,58.0,55.33,36.33,0.95402,72,50,22,104,48.0,,tuning_2025_09_29_17_38/candidates/specs/43_spec.mlir
square_gemm_128_128_128_f32_f32_tB,44,contraction,sharkmi300x-4,gfx942,128,128,128,64,16,4,32,32,0,0,0,"[0, 1]",LLVMGPUVectorDistribute,"PipelineOptionsSearchSpace(prefetch_shared_memory=[True], no_reduce_shared_memory_bank_conflicts=[None], use_igemm_convolution=[None])",[2],,#iree_gpu.mma_layout<MFMA_F32_16x16x4_F32>,64,32,16,64,2,1,2,1,"['--iree-hal-target-device=hip', '--iree-hip-target=gfx942', '--compile-from=executable-sources']",44,True,"['--input=1', '--benchmark_repetitions=3']",True,hip://5,True,49.17,50.33,36.33,1.02373,5,88,83,104,48.0,,tuning_2025_09_29_17_38/candidates/specs/44_spec.mlir
square_gemm_128_128_128_f32_f32_tB,45,contraction,sharkmi300x-4,gfx942,128,128,128,64,16,4,32,32,0,0,0,"[0, 1]",LLVMGPUVectorDistribute,"PipelineOptionsSearchSpace(prefetch_shared_memory=[True], no_reduce_shared_memory_bank_conflicts=[None], use_igemm_convolution=[None])",[2],,#iree_gpu.mma_layout<MFMA_F32_16x16x4_F32>,32,128,64,128,1,1,1,2,"['--iree-hal-target-device=hip', '--iree-hip-target=gfx942', '--compile-from=executable-sources']",45,True,"['--input=1', '--benchmark_repetitions=3']",True,hip://6,True,58.0,60.0,36.33,1.03448,45,103,58,104,48.0,,tuning_2025_09_29_17_38/candidates/specs/45_spec.mlir
square_gemm_128_128_128_f32_f32_tB,46,contraction,sharkmi300x-4,gfx942,128,128,128,64,16,4,32,32,0,0,0,"[0, 1]",LLVMGPUVectorDistribute,"PipelineOptionsSearchSpace(prefetch_shared_memory=[True], no_reduce_shared_memory_bank_conflicts=[None], use_igemm_convolution=[None])",[2],,#iree_gpu.mma_layout<MFMA_F32_16x16x4_F32>,128,32,64,64,8,1,8,1,"['--iree-hal-target-device=hip', '--iree-hip-target=gfx942', '--compile-from=executable-sources']",46,True,"['--input=1', '--benchmark_repetitions=3']",True,hip://6,True,58.0,48.33,36.33,0.83333,9,13,4,104,48.0,,tuning_2025_09_29_17_38/candidates/specs/46_spec.mlir
square_gemm_128_128_128_f32_f32_tB,47,contraction,sharkmi300x-4,gfx942,128,128,128,64,16,4,32,32,0,0,0,"[0, 1]",LLVMGPUVectorDistribute,"PipelineOptionsSearchSpace(prefetch_shared_memory=[True], no_reduce_shared_memory_bank_conflicts=[None], use_igemm_convolution=[None])",[2],,#iree_gpu.mma_layout<MFMA_F32_16x16x4_F32>,128,64,64,64,1,1,1,1,"['--iree-hal-target-device=hip', '--iree-hip-target=gfx942', '--compile-from=executable-sources']",47,True,"['--input=1', '--benchmark_repetitions=3']",True,hip://6,True,58.0,7293.33,36.33,125.74713,106,158,52,104,48.0,,tuning_2025_09_29_17_38/candidates/specs/47_spec.mlir
square_gemm_128_128_128_f32_f32_tB,48,contraction,sharkmi300x-4,gfx942,128,128,128,64,16,4,32,32,0,0,0,"[0, 1]",LLVMGPUVectorDistribute,"PipelineOptionsSearchSpace(prefetch_shared_memory=[True], no_reduce_shared_memory_bank_conflicts=[None], use_igemm_convolution=[None])",[2],,#iree_gpu.mma_layout<MFMA_F32_16x16x4_F32>,32,128,64,128,2,1,2,2,"['--iree-hal-target-device=hip', '--iree-hip-target=gfx942', '--compile-from=executable-sources']",48,True,"['--input=1', '--benchmark_repetitions=3']",True,hip://5,True,49.17,51.67,36.33,1.05085,29,112,83,104,48.0,,tuning_2025_09_29_17_38/candidates/specs/48_spec.mlir
square_gemm_128_128_128_f32_f32_tB,49,contraction,sharkmi300x-4,gfx942,128,128,128,64,16,4,32,32,0,0,0,"[0, 1]",LLVMGPUVectorDistribute,"PipelineOptionsSearchSpace(prefetch_shared_memory=[True], no_reduce_shared_memory_bank_conflicts=[None], use_igemm_convolution=[None])",[2],,#iree_gpu.mma_layout<MFMA_F32_16x16x4_F32>,128,128,32,128,1,1,1,2,"['--iree-hal-target-device=hip', '--iree-hip-target=gfx942', '--compile-from=executable-sources']",49,True,"['--input=1', '--benchmark_repetitions=3']",True,hip://2,True,55.83,53.0,36.33,0.94925,103,48,55,104,48.0,,tuning_2025_09_29_17_38/candidates/specs/49_spec.mlir
square_gemm_128_128_128_f32_f32_tB,50,contraction,sharkmi300x-4,gfx942,128,128,128,64,16,4,32,32,0,0,0,"[0, 1]",LLVMGPUVectorDistribute,"PipelineOptionsSearchSpace(prefetch_shared_memory=[True], no_reduce_shared_memory_bank_conflicts=[None], use_igemm_convolution=[None])",[2],,#iree_gpu.mma_layout<MFMA_F32_16x16x4_F32>,128,16,32,64,1,1,1,1,"['--iree-hal-target-device=hip', '--iree-hip-target=gfx942', '--compile-from=executable-sources']",50,True,"['--input=1', '--benchmark_repetitions=3']",True,hip://6,True,58.0,61.0,36.33,1.05172,49,114,65,104,48.0,,tuning_2025_09_29_17_38/candidates/specs/50_spec.mlir
square_gemm_128_128_128_f32_f32_tB,51,contraction,sharkmi300x-4,gfx942,128,128,128,64,16,4,32,32,0,0,0,"[0, 1]",LLVMGPUVectorDistribute,"PipelineOptionsSearchSpace(prefetch_shared_memory=[True], no_reduce_shared_memory_bank_conflicts=[None], use_igemm_convolution=[None])",[2],,#iree_gpu.mma_layout<MFMA_F32_16x16x4_F32>,128,32,32,64,4,1,4,1,"['--iree-hal-target-device=hip', '--iree-hip-target=gfx942', '--compile-from=executable-sources']",51,True,"['--input=1', '--benchmark_repetitions=3']",True,hip://6,True,58.0,58.67,36.33,1.01149,22,81,59,104,48.0,,tuning_2025_09_29_17_38/candidates/specs/51_spec.mlir
square_gemm_128_128_128_f32_f32_tB,52,contraction,sharkmi300x-4,gfx942,128,128,128,64,16,4,32,32,0,0,0,"[0, 1]",LLVMGPUVectorDistribute,"PipelineOptionsSearchSpace(prefetch_shared_memory=[True], no_reduce_shared_memory_bank_conflicts=[None], use_igemm_convolution=[None])",[2],,#iree_gpu.mma_layout<MFMA_F32_16x16x4_F32>,128,64,64,64,4,1,4,1,"['--iree-hal-target-device=hip', '--iree-hip-target=gfx942', '--compile-from=executable-sources']",52,True,"['--input=1', '--benchmark_repetitions=3']",True,hip://6,True,58.0,55.33,36.33,0.95402,41,49,8,104,48.0,,tuning_2025_09_29_17_38/candidates/specs/52_spec.mlir
square_gemm_128_128_128_f32_f32_tB,53,contraction,sharkmi300x-4,gfx942,128,128,128,64,16,4,32,32,0,0,0,"[0, 1]",LLVMGPUVectorDistribute,"PipelineOptionsSearchSpace(prefetch_shared_memory=[True], no_reduce_shared_memory_bank_conflicts=[None], use_igemm_convolution=[None])",[2],,#iree_gpu.mma_layout<MFMA_F32_16x16x4_F32>,64,32,32,64,2,1,2,1,"['--iree-hal-target-device=hip', '--iree-hip-target=gfx942', '--compile-from=executable-sources']",53,True,"['--input=1', '--benchmark_repetitions=3']",True,hip://7,True,57.17,61.0,36.33,1.06706,23,118,95,104,48.0,,tuning_2025_09_29_17_38/candidates/specs/53_spec.mlir
square_gemm_128_128_128_f32_f32_tB,54,contraction,sharkmi300x-4,gfx942,128,128,128,64,16,4,32,32,0,0,0,"[0, 1]",LLVMGPUVectorDistribute,"PipelineOptionsSearchSpace(prefetch_shared_memory=[True], no_reduce_shared_memory_bank_conflicts=[None], use_igemm_convolution=[None])",[2],,#iree_gpu.mma_layout<MFMA_F32_16x16x4_F32>,16,128,64,64,1,1,1,1,"['--iree-hal-target-device=hip', '--iree-hip-target=gfx942', '--compile-from=executable-sources']",54,True,"['--input=1', '--benchmark_repetitions=3']",True,hip://2,True,55.83,53.67,36.33,0.96119,70,53,17,104,48.0,,tuning_2025_09_29_17_38/candidates/specs/54_spec.mlir
square_gemm_128_128_128_f32_f32_tB,55,contraction,sharkmi300x-4,gfx942,128,128,128,64,16,4,32,32,0,0,0,"[0, 1]",LLVMGPUVectorDistribute,"PipelineOptionsSearchSpace(prefetch_shared_memory=[True], no_reduce_shared_memory_bank_conflicts=[None], use_igemm_convolution=[None])",[2],,#iree_gpu.mma_layout<MFMA_F32_16x16x4_F32>,16,128,32,128,1,1,1,2,"['--iree-hal-target-device=hip', '--iree-hip-target=gfx942', '--compile-from=executable-sources']",55,True,"['--input=1', '--benchmark_repetitions=3']",True,hip://2,True,55.83,55.0,36.33,0.98507,28,66,38,104,48.0,,tuning_2025_09_29_17_38/candidates/specs/55_spec.mlir
square_gemm_128_128_128_f32_f32_tB,56,contraction,sharkmi300x-4,gfx942,128,128,128,64,16,4,32,32,0,0,0,"[0, 1]",LLVMGPUVectorDistribute,"PipelineOptionsSearchSpace(prefetch_shared_memory=[True], no_reduce_shared_memory_bank_conflicts=[None], use_igemm_convolution=[None])",[2],,#iree_gpu.mma_layout<MFMA_F32_16x16x4_F32>,64,32,128,64,4,1,4,1,"['--iree-hal-target-device=hip', '--iree-hip-target=gfx942', '--compile-from=executable-sources']",56,True,"['--input=1', '--benchmark_repetitions=3']",True,hip://7,True,57.17,52.0,36.33,0.90962,17,34,17,104,48.0,,tuning_2025_09_29_17_38/candidates/specs/56_spec.mlir
square_gemm_128_128_128_f32_f32_tB,57,contraction,sharkmi300x-4,gfx942,128,128,128,64,16,4,32,32,0,0,0,"[0, 1]",LLVMGPUVectorDistribute,"PipelineOptionsSearchSpace(prefetch_shared_memory=[True], no_reduce_shared_memory_bank_conflicts=[None], use_igemm_convolution=[None])",[2],,#iree_gpu.mma_layout<MFMA_F32_16x16x4_F32>,128,32,16,64,2,1,2,1,"['--iree-hal-target-device=hip', '--iree-hip-target=gfx942', '--compile-from=executable-sources']",57,True,"['--input=1', '--benchmark_repetitions=3']",True,hip://2,True,55.83,51.33,36.33,0.9194,19,37,18,104,48.0,,tuning_2025_09_29_17_38/candidates/specs/57_spec.mlir
square_gemm_128_128_128_f32_f32_tB,58,contraction,sharkmi300x-4,gfx942,128,128,128,64,16,4,32,32,0,0,0,"[0, 1]",LLVMGPUVectorDistribute,"PipelineOptionsSearchSpace(prefetch_shared_memory=[True], no_reduce_shared_memory_bank_conflicts=[None], use_igemm_convolution=[None])",[2],,#iree_gpu.mma_layout<MFMA_F32_16x16x4_F32>,64,128,16,64,2,1,2,1,"['--iree-hal-target-device=hip', '--iree-hip-target=gfx942', '--compile-from=executable-sources']",58,True,"['--input=1', '--benchmark_repetitions=3']",True,hip://5,True,49.17,56.67,36.33,1.15254,43,136,93,104,48.0,,tuning_2025_09_29_17_38/candidates/specs/58_spec.mlir
square_gemm_128_128_128_f32_f32_tB,59,contraction,sharkmi300x-4,gfx942,128,128,128,64,16,4,32,32,0,0,0,"[0, 1]",LLVMGPUVectorDistribute,"PipelineOptionsSearchSpace(prefetch_shared_memory=[True], no_reduce_shared_memory_bank_conflicts=[None], use_igemm_convolution=[None])",[2],,#iree_gpu.mma_layout<MFMA_F32_16x16x4_F32>,64,64,32,64,4,1,4,1,"['--iree-hal-target-device=hip', '--iree-hip-target=gfx942', '--compile-from=executable-sources']",59,True,"['--input=1', '--benchmark_repetitions=3']",True,hip://6,True,58.0,59.33,36.33,1.02299,30,87,57,104,48.0,,tuning_2025_09_29_17_38/candidates/specs/59_spec.mlir
square_gemm_128_128_128_f32_f32_tB,60,contraction,sharkmi300x-4,gfx942,128,128,128,64,16,4,32,32,0,0,0,"[0, 1]",LLVMGPUVectorDistribute,"PipelineOptionsSearchSpace(prefetch_shared_memory=[True], no_reduce_shared_memory_bank_conflicts=[None], use_igemm_convolution=[None])",[2],,#iree_gpu.mma_layout<MFMA_F32_16x16x4_F32>,128,128,16,128,4,1,4,2,"['--iree-hal-target-device=hip', '--iree-hip-target=gfx942', '--compile-from=executable-sources']",60,True,"['--input=1', '--benchmark_repetitions=3']",True,hip://5,True,49.17,55.33,36.33,1.12542,20,129,109,104,48.0,,tuning_2025_09_29_17_38/candidates/specs/60_spec.mlir
square_gemm_128_128_128_f32_f32_tB,61,contraction,sharkmi300x-4,gfx942,128,128,128,64,16,4,32,32,0,0,0,"[0, 1]",LLVMGPUVectorDistribute,"PipelineOptionsSearchSpace(prefetch_shared_memory=[True], no_reduce_shared_memory_bank_conflicts=[None], use_igemm_convolution=[None])",[2],,#iree_gpu.mma_layout<MFMA_F32_16x16x4_F32>,64,16,128,64,2,1,2,1,"['--iree-hal-target-device=hip', '--iree-hip-target=gfx942', '--compile-from=executable-sources']",61,True,"['--input=1', '--benchmark_repetitions=3']",True,hip://6,True,58.0,50.33,36.33,0.86782,26,21,5,104,48.0,,tuning_2025_09_29_17_38/candidates/specs/61_spec.mlir
square_gemm_128_128_128_f32_f32_tB,62,contraction,sharkmi300x-4,gfx942,128,128,128,64,16,4,32,32,0,0,0,"[0, 1]",LLVMGPUVectorDistribute,"PipelineOptionsSearchSpace(prefetch_shared_memory=[True], no_reduce_shared_memory_bank_conflicts=[None], use_igemm_convolution=[None])",[2],,#iree_gpu.mma_layout<MFMA_F32_16x16x4_F32>,64,32,32,64,1,1,1,1,"['--iree-hal-target-device=hip', '--iree-hip-target=gfx942', '--compile-from=executable-sources']",62,True,"['--input=1', '--benchmark_repetitions=3']",True,hip://7,True,57.17,60.67,36.33,1.06122,40,116,76,104,48.0,,tuning_2025_09_29_17_38/candidates/specs/62_spec.mlir
square_gemm_128_128_128_f32_f32_tB,63,contraction,sharkmi300x-4,gfx942,128,128,128,64,16,4,32,32,0,0,0,"[0, 1]",LLVMGPUVectorDistribute,"PipelineOptionsSearchSpace(prefetch_shared_memory=[True], no_reduce_shared_memory_bank_conflicts=[None], use_igemm_convolution=[None])",[2],,#iree_gpu.mma_layout<MFMA_F32_16x16x4_F32>,64,128,64,64,1,1,1,1,"['--iree-hal-target-device=hip', '--iree-hip-target=gfx942', '--compile-from=executable-sources']",63,True,"['--input=1', '--benchmark_repetitions=3']",True,hip://2,True,55.83,148.33,36.33,2.65672,107,156,49,104,48.0,,tuning_2025_09_29_17_38/candidates/specs/63_spec.mlir
square_gemm_128_128_128_f32_f32_tB,64,contraction,sharkmi300x-4,gfx942,128,128,128,64,16,4,32,32,0,0,0,"[0, 1]",LLVMGPUVectorDistribute,"PipelineOptionsSearchSpace(prefetch_shared_memory=[True], no_reduce_shared_memory_bank_conflicts=[None], use_igemm_convolution=[None])",[2],,#iree_gpu.mma_layout<MFMA_F32_16x16x4_F32>,128,128,32,64,1,1,1,1,"['--iree-hal-target-device=hip', '--iree-hip-target=gfx942', '--compile-from=executable-sources']",64,True,"['--input=1', '--benchmark_repetitions=3']",True,hip://5,True,49.17,106.0,36.33,2.15593,156,155,1,104,48.0,,tuning_2025_09_29_17_38/candidates/specs/64_spec.mlir
square_gemm_128_128_128_f32_f32_tB,65,contraction,sharkmi300x-4,gfx942,128,128,128,64,16,4,32,32,0,0,0,"[0, 1]",LLVMGPUVectorDistribute,"PipelineOptionsSearchSpace(prefetch_shared_memory=[True], no_reduce_shared_memory_bank_conflicts=[None], use_igemm_convolution=[None])",[2],,#iree_gpu.mma_layout<MFMA_F32_16x16x4_F32>,32,128,32,128,1,1,1,2,"['--iree-hal-target-device=hip', '--iree-hip-target=gfx942', '--compile-from=executable-sources']",65,True,"['--input=1', '--benchmark_repetitions=3']",True,hip://2,True,55.83,56.67,36.33,1.01493,74,85,11,104,48.0,,tuning_2025_09_29_17_38/candidates/specs/65_spec.mlir
square_gemm_128_128_128_f32_f32_tB,66,contraction,sharkmi300x-4,gfx942,128,128,128,64,16,4,32,32,0,0,0,"[0, 1]",LLVMGPUVectorDistribute,"PipelineOptionsSearchSpace(prefetch_shared_memory=[True], no_reduce_shared_memory_bank_conflicts=[None], use_igemm_convolution=[None])",[2],,#iree_gpu.mma_layout<MFMA_F32_16x16x4_F32>,128,32,32,64,2,1,2,1,"['--iree-hal-target-device=hip', '--iree-hip-target=gfx942', '--compile-from=executable-sources']",66,True,"['--input=1', '--benchmark_repetitions=3']",True,hip://6,True,58.0,58.0,36.33,1.0,64,74,10,104,48.0,,tuning_2025_09_29_17_38/candidates/specs/66_spec.mlir
square_gemm_128_128_128_f32_f32_tB,67,contraction,sharkmi300x-4,gfx942,128,128,128,64,16,4,32,32,0,0,0,"[0, 1]",LLVMGPUVectorDistribute,"PipelineOptionsSearchSpace(prefetch_shared_memory=[True], no_reduce_shared_memory_bank_conflicts=[None], use_igemm_convolution=[None])",[2],,#iree_gpu.mma_layout<MFMA_F32_16x16x4_F32>,16,64,128,64,1,1,1,1,"['--iree-hal-target-device=hip', '--iree-hip-target=gfx942', '--compile-from=executable-sources']",67,True,"['--input=1', '--benchmark_repetitions=3']",True,hip://6,True,58.0,52.33,36.33,0.9023,80,33,47,104,48.0,,tuning_2025_09_29_17_38/candidates/specs/67_spec.mlir
square_gemm_128_128_128_f32_f32_tB,68,contraction,sharkmi300x-4,gfx942,128,128,128,64,16,4,32,32,0,0,0,"[0, 1]",LLVMGPUVectorDistribute,"PipelineOptionsSearchSpace(prefetch_shared_memory=[True], no_reduce_shared_memory_bank_conflicts=[None], use_igemm_convolution=[None])",[2],,#iree_gpu.mma_layout<MFMA_F32_16x16x4_F32>,64,32,16,64,1,1,1,1,"['--iree-hal-target-device=hip', '--iree-hip-target=gfx942', '--compile-from=executable-sources']",68,True,"['--input=1', '--benchmark_repetitions=3']",True,hip://5,True,49.17,53.33,36.33,1.08475,59,123,64,104,48.0,,tuning_2025_09_29_17_38/candidates/specs/68_spec.mlir
square_gemm_128_128_128_f32_f32_tB,69,contraction,sharkmi300x-4,gfx942,128,128,128,64,16,4,32,32,0,0,0,"[0, 1]",LLVMGPUVectorDistribute,"PipelineOptionsSearchSpace(prefetch_shared_memory=[True], no_reduce_shared_memory_bank_conflicts=[None], use_igemm_convolution=[None])",[2],,#iree_gpu.mma_layout<MFMA_F32_16x16x4_F32>,128,64,64,128,2,1,2,2,"['--iree-hal-target-device=hip', '--iree-hip-target=gfx942', '--compile-from=executable-sources']",69,True,"['--input=1', '--benchmark_repetitions=3']",True,hip://7,True,57.17,59.0,36.33,1.03207,79,97,18,104,48.0,,tuning_2025_09_29_17_38/candidates/specs/69_spec.mlir
square_gemm_128_128_128_f32_f32_tB,70,contraction,sharkmi300x-4,gfx942,128,128,128,64,16,4,32,32,0,0,0,"[0, 1]",LLVMGPUVectorDistribute,"PipelineOptionsSearchSpace(prefetch_shared_memory=[True], no_reduce_shared_memory_bank_conflicts=[None], use_igemm_convolution=[None])",[2],,#iree_gpu.mma_layout<MFMA_F32_16x16x4_F32>,64,16,32,64,4,1,4,1,"['--iree-hal-target-device=hip', '--iree-hip-target=gfx942', '--compile-from=executable-sources']",70,True,"['--input=1', '--benchmark_repetitions=3']",True,hip://2,True,55.83,49.33,36.33,0.88358,50,25,25,104,48.0,,tuning_2025_09_29_17_38/candidates/specs/70_spec.mlir
square_gemm_128_128_128_f32_f32_tB,71,contraction,sharkmi300x-4,gfx942,128,128,128,64,16,4,32,32,0,0,0,"[0, 1]",LLVMGPUVectorDistribute,"PipelineOptionsSearchSpace(prefetch_shared_memory=[True], no_reduce_shared_memory_bank_conflicts=[None], use_igemm_convolution=[None])",[2],,#iree_gpu.mma_layout<MFMA_F32_16x16x4_F32>,64,128,64,128,1,1,1,2,"['--iree-hal-target-device=hip', '--iree-hip-target=gfx942', '--compile-from=executable-sources']",71,True,"['--input=1', '--benchmark_repetitions=3']",True,hip://2,True,55.83,57.33,36.33,1.02687,100,93,7,104,48.0,,tuning_2025_09_29_17_38/candidates/specs/71_spec.mlir
square_gemm_128_128_128_f32_f32_tB,72,contraction,sharkmi300x-4,gfx942,128,128,128,64,16,4,32,32,0,0,0,"[0, 1]",LLVMGPUVectorDistribute,"PipelineOptionsSearchSpace(prefetch_shared_memory=[True], no_reduce_shared_memory_bank_conflicts=[None], use_igemm_convolution=[None])",[2],,#iree_gpu.mma_layout<MFMA_F32_16x16x4_F32>,128,32,16,64,4,1,4,1,"['--iree-hal-target-device=hip', '--iree-hip-target=gfx942', '--compile-from=executable-sources']",72,True,"['--input=1', '--benchmark_repetitions=3']",True,hip://5,True,49.17,42.0,36.33,0.85424,51,18,33,104,48.0,,tuning_2025_09_29_17_38/candidates/specs/72_spec.mlir
square_gemm_128_128_128_f32_f32_tB,73,contraction,sharkmi300x-4,gfx942,128,128,128,64,16,4,32,32,0,0,0,"[0, 1]",LLVMGPUVectorDistribute,"PipelineOptionsSearchSpace(prefetch_shared_memory=[True], no_reduce_shared_memory_bank_conflicts=[None], use_igemm_convolution=[None])",[2],,#iree_gpu.mma_layout<MFMA_F32_16x16x4_F32>,128,64,32,128,1,1,1,2,"['--iree-hal-target-device=hip', '--iree-hip-target=gfx942', '--compile-from=executable-sources']",73,True,"['--input=1', '--benchmark_repetitions=3']",True,hip://5,True,49.17,154.67,36.33,3.14576,105,157,52,104,48.0,,tuning_2025_09_29_17_38/candidates/specs/73_spec.mlir
square_gemm_128_128_128_f32_f32_tB,74,contraction,sharkmi300x-4,gfx942,128,128,128,64,16,4,32,32,0,0,0,"[0, 1]",LLVMGPUVectorDistribute,"PipelineOptionsSearchSpace(prefetch_shared_memory=[True], no_reduce_shared_memory_bank_conflicts=[None], use_igemm_convolution=[None])",[2],,#iree_gpu.mma_layout<MFMA_F32_16x16x4_F32>,128,64,64,128,1,1,1,2,"['--iree-hal-target-device=hip', '--iree-hip-target=gfx942', '--compile-from=executable-sources']",74,True,"['--input=1', '--benchmark_repetitions=3']",True,hip://5,True,49.17,44.0,36.33,0.89492,111,27,84,104,48.0,,tuning_2025_09_29_17_38/candidates/specs/74_spec.mlir
square_gemm_128_128_128_f32_f32_tB,75,contraction,sharkmi300x-4,gfx942,128,128,128,64,16,4,32,32,0,0,0,"[0, 1]",LLVMGPUVectorDistribute,"PipelineOptionsSearchSpace(prefetch_shared_memory=[True], no_reduce_shared_memory_bank_conflicts=[None], use_igemm_convolution=[None])",[2],,#iree_gpu.mma_layout<MFMA_F32_16x16x4_F32>,128,64,32,64,2,1,2,1,"['--iree-hal-target-device=hip', '--iree-hip-target=gfx942', '--compile-from=executable-sources']",75,True,"['--input=1', '--benchmark_repetitions=3']",True,hip://2,True,55.83,61.33,36.33,1.09851,94,125,31,104,48.0,,tuning_2025_09_29_17_38/candidates/specs/75_spec.mlir
square_gemm_128_128_128_f32_f32_tB,76,contraction,sharkmi300x-4,gfx942,128,128,128,64,16,4,32,32,0,0,0,"[0, 1]",LLVMGPUVectorDistribute,"PipelineOptionsSearchSpace(prefetch_shared_memory=[True], no_reduce_shared_memory_bank_conflicts=[None], use_igemm_convolution=[None])",[2],,#iree_gpu.mma_layout<MFMA_F32_16x16x4_F32>,128,64,16,64,2,1,2,1,"['--iree-hal-target-device=hip', '--iree-hip-target=gfx942', '--compile-from=executable-sources']",76,True,"['--input=1', '--benchmark_repetitions=3']",True,hip://5,True,49.17,58.33,36.33,1.18644,81,141,60,104,48.0,,tuning_2025_09_29_17_38/candidates/specs/76_spec.mlir
square_gemm_128_128_128_f32_f32_tB,77,contraction,sharkmi300x-4,gfx942,128,128,128,64,16,4,32,32,0,0,0,"[0, 1]",LLVMGPUVectorDistribute,"PipelineOptionsSearchSpace(prefetch_shared_memory=[True], no_reduce_shared_memory_bank_conflicts=[None], use_igemm_convolution=[None])",[2],,#iree_gpu.mma_layout<MFMA_F32_16x16x4_F32>,64,64,16,64,2,1,2,1,"['--iree-hal-target-device=hip', '--iree-hip-target=gfx942', '--compile-from=executable-sources']",77,True,"['--input=1', '--benchmark_repetitions=3']",True,hip://5,True,49.17,51.67,36.33,1.05085,65,113,48,104,48.0,,tuning_2025_09_29_17_38/candidates/specs/77_spec.mlir
square_gemm_128_128_128_f32_f32_tB,78,contraction,sharkmi300x-4,gfx942,128,128,128,64,16,4,32,32,0,0,0,"[0, 1]",LLVMGPUVectorDistribute,"PipelineOptionsSearchSpace(prefetch_shared_memory=[True], no_reduce_shared_memory_bank_conflicts=[None], use_igemm_convolution=[None])",[2],,#iree_gpu.mma_layout<MFMA_F32_16x16x4_F32>,16,64,32,64,1,1,1,1,"['--iree-hal-target-device=hip', '--iree-hip-target=gfx942', '--compile-from=executable-sources']",78,True,"['--input=1', '--benchmark_repetitions=3']",True,hip://5,True,49.17,54.0,36.33,1.09831,73,124,51,104,48.0,,tuning_2025_09_29_17_38/candidates/specs/78_spec.mlir
square_gemm_128_128_128_f32_f32_tB,79,contraction,sharkmi300x-4,gfx942,128,128,128,64,16,4,32,32,0,0,0,"[0, 1]",LLVMGPUVectorDistribute,"PipelineOptionsSearchSpace(prefetch_shared_memory=[True], no_reduce_shared_memory_bank_conflicts=[None], use_igemm_convolution=[None])",[2],,#iree_gpu.mma_layout<MFMA_F32_16x16x4_F32>,64,16,16,64,2,1,2,1,"['--iree-hal-target-device=hip', '--iree-hip-target=gfx942', '--compile-from=executable-sources']",79,True,"['--input=1', '--benchmark_repetitions=3']",True,hip://2,True,55.83,50.0,36.33,0.89552,54,28,26,104,48.0,,tuning_2025_09_29_17_38/candidates/specs/79_spec.mlir
square_gemm_128_128_128_f32_f32_tB,80,contraction,sharkmi300x-4,gfx942,128,128,128,64,16,4,32,32,0,0,0,"[0, 1]",LLVMGPUVectorDistribute,"PipelineOptionsSearchSpace(prefetch_shared_memory=[True], no_reduce_shared_memory_bank_conflicts=[None], use_igemm_convolution=[None])",[2],,#iree_gpu.mma_layout<MFMA_F32_16x16x4_F32>,64,16,32,64,2,1,2,1,"['--iree-hal-target-device=hip', '--iree-hip-target=gfx942', '--compile-from=executable-sources']",80,True,"['--input=1', '--benchmark_repetitions=3']",True,hip://2,True,55.83,56.33,36.33,1.00896,58,79,21,104,48.0,,tuning_2025_09_29_17_38/candidates/specs/80_spec.mlir
square_gemm_128_128_128_f32_f32_tB,81,contraction,sharkmi300x-4,gfx942,128,128,128,64,16,4,32,32,0,0,0,"[0, 1]",LLVMGPUVectorDistribute,"PipelineOptionsSearchSpace(prefetch_shared_memory=[True], no_reduce_shared_memory_bank_conflicts=[None], use_igemm_convolution=[None])",[2],,#iree_gpu.mma_layout<MFMA_F32_16x16x4_F32>,64,128,64,128,2,1,2,2,"['--iree-hal-target-device=hip', '--iree-hip-target=gfx942', '--compile-from=executable-sources']",81,True,"['--input=1', '--benchmark_repetitions=3']",True,hip://5,True,49.17,51.33,36.33,1.04407,85,107,22,104,48.0,,tuning_2025_09_29_17_38/candidates/specs/81_spec.mlir
square_gemm_128_128_128_f32_f32_tB,82,contraction,sharkmi300x-4,gfx942,128,128,128,64,16,4,32,32,0,0,0,"[0, 1]",LLVMGPUVectorDistribute,"PipelineOptionsSearchSpace(prefetch_shared_memory=[True], no_reduce_shared_memory_bank_conflicts=[None], use_igemm_convolution=[None])",[2],,#iree_gpu.mma_layout<MFMA_F32_16x16x4_F32>,16,64,16,64,1,1,1,1,"['--iree-hal-target-device=hip', '--iree-hip-target=gfx942', '--compile-from=executable-sources']",82,True,"['--input=1', '--benchmark_repetitions=3']",True,hip://7,True,57.17,57.0,36.33,0.99708,60,73,13,104,48.0,,tuning_2025_09_29_17_38/candidates/specs/82_spec.mlir
square_gemm_128_128_128_f32_f32_tB,83,contraction,sharkmi300x-4,gfx942,128,128,128,64,16,4,32,32,0,0,0,"[0, 1]",LLVMGPUVectorDistribute,"PipelineOptionsSearchSpace(prefetch_shared_memory=[True], no_reduce_shared_memory_bank_conflicts=[None], use_igemm_convolution=[None])",[2],,#iree_gpu.mma_layout<MFMA_F32_16x16x4_F32>,128,64,64,64,8,1,8,1,"['--iree-hal-target-device=hip', '--iree-hip-target=gfx942', '--compile-from=executable-sources']",83,True,"['--input=1', '--benchmark_repetitions=3']",True,hip://7,True,57.17,53.33,36.33,0.93294,68,40,28,104,48.0,,tuning_2025_09_29_17_38/candidates/specs/83_spec.mlir
square_gemm_128_128_128_f32_f32_tB,84,contraction,sharkmi300x-4,gfx942,128,128,128,64,16,4,32,32,0,0,0,"[0, 1]",LLVMGPUVectorDistribute,"PipelineOptionsSearchSpace(prefetch_shared_memory=[True], no_reduce_shared_memory_bank_conflicts=[None], use_igemm_convolution=[None])",[2],,#iree_gpu.mma_layout<MFMA_F32_16x16x4_F32>,128,32,64,64,4,1,4,1,"['--iree-hal-target-device=hip', '--iree-hip-target=gfx942', '--compile-from=executable-sources']",84,True,"['--input=1', '--benchmark_repetitions=3']",True,hip://6,True,58.0,52.0,36.33,0.89655,61,29,32,104,48.0,,tuning_2025_09_29_17_38/candidates/specs/84_spec.mlir
square_gemm_128_128_128_f32_f32_tB,85,contraction,sharkmi300x-4,gfx942,128,128,128,64,16,4,32,32,0,0,0,"[0, 1]",LLVMGPUVectorDistribute,"PipelineOptionsSearchSpace(prefetch_shared_memory=[True], no_reduce_shared_memory_bank_conflicts=[None], use_igemm_convolution=[None])",[2],,#iree_gpu.mma_layout<MFMA_F32_16x16x4_F32>,128,128,32,64,2,1,2,1,"['--iree-hal-target-device=hip', '--iree-hip-target=gfx942', '--compile-from=executable-sources']",85,True,"['--input=1', '--benchmark_repetitions=3']",True,hip://6,True,58.0,69.67,36.33,1.20115,142,143,1,104,48.0,,tuning_2025_09_29_17_38/candidates/specs/85_spec.mlir
square_gemm_128_128_128_f32_f32_tB,86,contraction,sharkmi300x-4,gfx942,128,128,128,64,16,4,32,32,0,0,0,"[0, 1]",LLVMGPUVectorDistribute,"PipelineOptionsSearchSpace(prefetch_shared_memory=[True], no_reduce_shared_memory_bank_conflicts=[None], use_igemm_convolution=[None])",[2],,#iree_gpu.mma_layout<MFMA_F32_16x16x4_F32>,64,16,32,64,1,1,1,1,"['--iree-hal-target-device=hip', '--iree-hip-target=gfx942', '--compile-from=executable-sources']",86,True,"['--input=1', '--benchmark_repetitions=3']",True,hip://5,True,49.17,50.33,36.33,1.02373,77,90,13,104,48.0,,tuning_2025_09_29_17_38/candidates/specs/86_spec.mlir
square_gemm_128_128_128_f32_f32_tB,87,contraction,sharkmi300x-4,gfx942,128,128,128,64,16,4,32,32,0,0,0,"[0, 1]",LLVMGPUVectorDistribute,"PipelineOptionsSearchSpace(prefetch_shared_memory=[True], no_reduce_shared_memory_bank_conflicts=[None], use_igemm_convolution=[None])",[2],,#iree_gpu.mma_layout<MFMA_F32_16x16x4_F32>,64,64,16,64,4,1,4,1,"['--iree-hal-target-device=hip', '--iree-hip-target=gfx942', '--compile-from=executable-sources']",87,True,"['--input=1', '--benchmark_repetitions=3']",True,hip://7,True,57.17,58.0,36.33,1.01458,63,83,20,104,48.0,,tuning_2025_09_29_17_38/candidates/specs/87_spec.mlir
square_gemm_128_128_128_f32_f32_tB,88,contraction,sharkmi300x-4,gfx942,128,128,128,64,16,4,32,32,0,0,0,"[0, 1]",LLVMGPUVectorDistribute,"PipelineOptionsSearchSpace(prefetch_shared_memory=[True], no_reduce_shared_memory_bank_conflicts=[None], use_igemm_convolution=[None])",[2],,#iree_gpu.mma_layout<MFMA_F32_16x16x4_F32>,16,128,64,128,1,1,1,2,"['--iree-hal-target-device=hip', '--iree-hip-target=gfx942', '--compile-from=executable-sources']",88,True,"['--input=1', '--benchmark_repetitions=3']",True,hip://2,True,55.83,59.67,36.33,1.06866,82,121,39,104,48.0,,tuning_2025_09_29_17_38/candidates/specs/88_spec.mlir
square_gemm_128_128_128_f32_f32_tB,89,contraction,sharkmi300x-4,gfx942,128,128,128,64,16,4,32,32,0,0,0,"[0, 1]",LLVMGPUVectorDistribute,"PipelineOptionsSearchSpace(prefetch_shared_memory=[True], no_reduce_shared_memory_bank_conflicts=[None], use_igemm_convolution=[None])",[2],,#iree_gpu.mma_layout<MFMA_F32_16x16x4_F32>,64,32,64,64,4,1,4,1,"['--iree-hal-target-device=hip', '--iree-hip-target=gfx942', '--compile-from=executable-sources']",89,True,"['--input=1', '--benchmark_repetitions=3']",True,hip://5,True,49.17,47.33,36.33,0.96271,69,55,14,104,48.0,,tuning_2025_09_29_17_38/candidates/specs/89_spec.mlir
square_gemm_128_128_128_f32_f32_tB,90,contraction,sharkmi300x-4,gfx942,128,128,128,64,16,4,32,32,0,0,0,"[0, 1]",LLVMGPUVectorDistribute,"PipelineOptionsSearchSpace(prefetch_shared_memory=[True], no_reduce_shared_memory_bank_conflicts=[None], use_igemm_convolution=[None])",[2],,#iree_gpu.mma_layout<MFMA_F32_16x16x4_F32>,128,16,32,64,8,1,8,1,"['--iree-hal-target-device=hip', '--iree-hip-target=gfx942', '--compile-from=executable-sources']",90,True,"['--input=1', '--benchmark_repetitions=3']",True,hip://6,True,58.0,56.0,36.33,0.96552,56,56,0,104,48.0,,tuning_2025_09_29_17_38/candidates/specs/90_spec.mlir
square_gemm_128_128_128_f32_f32_tB,91,contraction,sharkmi300x-4,gfx942,128,128,128,64,16,4,32,32,0,0,0,"[0, 1]",LLVMGPUVectorDistribute,"PipelineOptionsSearchSpace(prefetch_shared_memory=[True], no_reduce_shared_memory_bank_conflicts=[None], use_igemm_convolution=[None])",[2],,#iree_gpu.mma_layout<MFMA_F32_16x16x4_F32>,128,32,16,64,1,1,1,1,"['--iree-hal-target-device=hip', '--iree-hip-target=gfx942', '--compile-from=executable-sources']",91,True,"['--input=1', '--benchmark_repetitions=3']",True,hip://2,True,55.83,57.67,36.33,1.03284,90,100,10,104,48.0,,tuning_2025_09_29_17_38/candidates/specs/91_spec.mlir
square_gemm_128_128_128_f32_f32_tB,92,contraction,sharkmi300x-4,gfx942,128,128,128,64,16,4,32,32,0,0,0,"[0, 1]",LLVMGPUVectorDistribute,"PipelineOptionsSearchSpace(prefetch_shared_memory=[True], no_reduce_shared_memory_bank_conflicts=[None], use_igemm_convolution=[None])",[2],,#iree_gpu.mma_layout<MFMA_F32_16x16x4_F32>,128,32,32,128,4,1,4,2,"['--iree-hal-target-device=hip', '--iree-hip-target=gfx942', '--compile-from=executable-sources']",92,True,"['--input=1', '--benchmark_repetitions=3']",True,hip://7,True,57.17,56.33,36.33,0.98542,71,67,4,104,48.0,,tuning_2025_09_29_17_38/candidates/specs/92_spec.mlir
square_gemm_128_128_128_f32_f32_tB,93,contraction,sharkmi300x-4,gfx942,128,128,128,64,16,4,32,32,0,0,0,"[0, 1]",LLVMGPUVectorDistribute,"PipelineOptionsSearchSpace(prefetch_shared_memory=[True], no_reduce_shared_memory_bank_conflicts=[None], use_igemm_convolution=[None])",[2],,#iree_gpu.mma_layout<MFMA_F32_16x16x4_F32>,64,16,128,64,4,1,4,1,"['--iree-hal-target-device=hip', '--iree-hip-target=gfx942', '--compile-from=executable-sources']",93,True,"['--input=1', '--benchmark_repetitions=3']",True,hip://6,True,58.0,58.67,36.33,1.01149,67,82,15,104,48.0,,tuning_2025_09_29_17_38/candidates/specs/93_spec.mlir
square_gemm_128_128_128_f32_f32_tB,94,contraction,sharkmi300x-4,gfx942,128,128,128,64,16,4,32,32,0,0,0,"[0, 1]",LLVMGPUVectorDistribute,"PipelineOptionsSearchSpace(prefetch_shared_memory=[True], no_reduce_shared_memory_bank_conflicts=[None], use_igemm_convolution=[None])",[2],,#iree_gpu.mma_layout<MFMA_F32_16x16x4_F32>,128,32,32,64,1,1,1,1,"['--iree-hal-target-device=hip', '--iree-hip-target=gfx942', '--compile-from=executable-sources']",94,True,"['--input=1', '--benchmark_repetitions=3']",True,hip://2,True,55.83,59.67,36.33,1.06866,115,122,7,104,48.0,,tuning_2025_09_29_17_38/candidates/specs/94_spec.mlir
square_gemm_128_128_128_f32_f32_tB,95,contraction,sharkmi300x-4,gfx942,128,128,128,64,16,4,32,32,0,0,0,"[0, 1]",LLVMGPUVectorDistribute,"PipelineOptionsSearchSpace(prefetch_shared_memory=[True], no_reduce_shared_memory_bank_conflicts=[None], use_igemm_convolution=[None])",[2],,#iree_gpu.mma_layout<MFMA_F32_16x16x4_F32>,64,128,32,64,1,1,1,1,"['--iree-hal-target-device=hip', '--iree-hip-target=gfx942', '--compile-from=executable-sources']",95,True,"['--input=1', '--benchmark_repetitions=3']",True,hip://2,True,55.83,64.0,36.33,1.14627,147,133,14,104,48.0,,tuning_2025_09_29_17_38/candidates/specs/95_spec.mlir
square_gemm_128_128_128_f32_f32_tB,96,contraction,sharkmi300x-4,gfx942,128,128,128,64,16,4,32,32,0,0,0,"[0, 1]",LLVMGPUVectorDistribute,"PipelineOptionsSearchSpace(prefetch_shared_memory=[True], no_reduce_shared_memory_bank_conflicts=[None], use_igemm_convolution=[None])",[2],,#iree_gpu.mma_layout<MFMA_F32_16x16x4_F32>,128,128,64,128,4,1,4,2,"['--iree-hal-target-device=hip', '--iree-hip-target=gfx942', '--compile-from=executable-sources']",96,True,"['--input=1', '--benchmark_repetitions=3']",True,hip://6,True,58.0,76.33,36.33,1.31609,88,150,62,104,48.0,,tuning_2025_09_29_17_38/candidates/specs/96_spec.mlir
square_gemm_128_128_128_f32_f32_tB,97,contraction,sharkmi300x-4,gfx942,128,128,128,64,16,4,32,32,0,0,0,"[0, 1]",LLVMGPUVectorDistribute,"PipelineOptionsSearchSpace(prefetch_shared_memory=[True], no_reduce_shared_memory_bank_conflicts=[None], use_igemm_convolution=[None])",[2],,#iree_gpu.mma_layout<MFMA_F32_16x16x4_F32>,64,128,64,128,4,1,4,2,"['--iree-hal-target-device=hip', '--iree-hip-target=gfx942', '--compile-from=executable-sources']",97,True,"['--input=1', '--benchmark_repetitions=3']",True,hip://6,True,58.0,59.67,36.33,1.02874,84,96,12,104,48.0,,tuning_2025_09_29_17_38/candidates/specs/97_spec.mlir
square_gemm_128_128_128_f32_f32_tB,98,contraction,sharkmi300x-4,gfx942,128,128,128,64,16,4,32,32,0,0,0,"[0, 1]",LLVMGPUVectorDistribute,"PipelineOptionsSearchSpace(prefetch_shared_memory=[True], no_reduce_shared_memory_bank_conflicts=[None], use_igemm_convolution=[None])",[2],,#iree_gpu.mma_layout<MFMA_F32_16x16x4_F32>,64,64,32,64,2,1,2,1,"['--iree-hal-target-device=hip', '--iree-hip-target=gfx942', '--compile-from=executable-sources']",98,True,"['--input=1', '--benchmark_repetitions=3']",True,hip://7,True,57.17,57.67,36.33,1.00875,91,76,15,104,48.0,,tuning_2025_09_29_17_38/candidates/specs/98_spec.mlir
square_gemm_128_128_128_f32_f32_tB,99,contraction,sharkmi300x-4,gfx942,128,128,128,64,16,4,32,32,0,0,0,"[0, 1]",LLVMGPUVectorDistribute,"PipelineOptionsSearchSpace(prefetch_shared_memory=[True], no_reduce_shared_memory_bank_conflicts=[None], use_igemm_convolution=[None])",[2],,#iree_gpu.mma_layout<MFMA_F32_16x16x4_F32>,128,16,16,64,4,1,4,1,"['--iree-hal-target-device=hip', '--iree-hip-target=gfx942', '--compile-from=executable-sources']",99,True,"['--input=1', '--benchmark_repetitions=3']",True,hip://7,True,57.17,55.33,36.33,0.96793,75,58,17,104,48.0,,tuning_2025_09_29_17_38/candidates/specs/99_spec.mlir
square_gemm_128_128_128_f32_f32_tB,100,contraction,sharkmi300x-4,gfx942,128,128,128,64,16,4,32,32,0,0,0,"[0, 1]",LLVMGPUVectorDistribute,"PipelineOptionsSearchSpace(prefetch_shared_memory=[True], no_reduce_shared_memory_bank_conflicts=[None], use_igemm_convolution=[None])",[2],,#iree_gpu.mma_layout<MFMA_F32_16x16x4_F32>,64,16,128,64,1,1,1,1,"['--iree-hal-target-device=hip', '--iree-hip-target=gfx942', '--compile-from=executable-sources']",100,True,"['--input=1', '--benchmark_repetitions=3']",True,hip://7,True,57.17,53.67,36.33,0.93878,95,44,51,104,48.0,,tuning_2025_09_29_17_38/candidates/specs/100_spec.mlir
square_gemm_128_128_128_f32_f32_tB,101,contraction,sharkmi300x-4,gfx942,128,128,128,64,16,4,32,32,0,0,0,"[0, 1]",LLVMGPUVectorDistribute,"PipelineOptionsSearchSpace(prefetch_shared_memory=[True], no_reduce_shared_memory_bank_conflicts=[None], use_igemm_convolution=[None])",[2],,#iree_gpu.mma_layout<MFMA_F32_16x16x4_F32>,128,16,64,64,1,1,1,1,"['--iree-hal-target-device=hip', '--iree-hip-target=gfx942', '--compile-from=executable-sources']",101,True,"['--input=1', '--benchmark_repetitions=3']",True,hip://5,True,49.17,58.0,36.33,1.17966,124,139,15,104,48.0,,tuning_2025_09_29_17_38/candidates/specs/101_spec.mlir
square_gemm_128_128_128_f32_f32_tB,102,contraction,sharkmi300x-4,gfx942,128,128,128,64,16,4,32,32,0,0,0,"[0, 1]",LLVMGPUVectorDistribute,"PipelineOptionsSearchSpace(prefetch_shared_memory=[True], no_reduce_shared_memory_bank_conflicts=[None], use_igemm_convolution=[None])",[2],,#iree_gpu.mma_layout<MFMA_F32_16x16x4_F32>,128,64,32,64,4,1,4,1,"['--iree-hal-target-device=hip', '--iree-hip-target=gfx942', '--compile-from=executable-sources']",102,True,"['--input=1', '--benchmark_repetitions=3']",True,hip://6,True,58.0,53.0,36.33,0.91379,92,35,57,104,48.0,,tuning_2025_09_29_17_38/candidates/specs/102_spec.mlir
square_gemm_128_128_128_f32_f32_tB,103,contraction,sharkmi300x-4,gfx942,128,128,128,64,16,4,32,32,0,0,0,"[0, 1]",LLVMGPUVectorDistribute,"PipelineOptionsSearchSpace(prefetch_shared_memory=[True], no_reduce_shared_memory_bank_conflicts=[None], use_igemm_convolution=[None])",[2],,#iree_gpu.mma_layout<MFMA_F32_16x16x4_F32>,32,128,32,64,1,1,1,1,"['--iree-hal-target-device=hip', '--iree-hip-target=gfx942', '--compile-from=executable-sources']",103,True,"['--input=1', '--benchmark_repetitions=3']",True,hip://7,True,57.17,58.67,36.33,1.02624,119,92,27,104,48.0,,tuning_2025_09_29_17_38/candidates/specs/103_spec.mlir
square_gemm_128_128_128_f32_f32_tB,104,contraction,sharkmi300x-4,gfx942,128,128,128,64,16,4,32,32,0,0,0,"[0, 1]",LLVMGPUVectorDistribute,"PipelineOptionsSearchSpace(prefetch_shared_memory=[True], no_reduce_shared_memory_bank_conflicts=[None], use_igemm_convolution=[None])",[2],,#iree_gpu.mma_layout<MFMA_F32_16x16x4_F32>,128,32,32,64,8,1,8,1,"['--iree-hal-target-device=hip', '--iree-hip-target=gfx942', '--compile-from=executable-sources']",104,True,"['--input=1', '--benchmark_repetitions=3']",True,hip://6,True,58.0,52.33,36.33,0.9023,76,32,44,104,48.0,,tuning_2025_09_29_17_38/candidates/specs/104_spec.mlir
square_gemm_128_128_128_f32_f32_tB,105,contraction,sharkmi300x-4,gfx942,128,128,128,64,16,4,32,32,0,0,0,"[0, 1]",LLVMGPUVectorDistribute,"PipelineOptionsSearchSpace(prefetch_shared_memory=[True], no_reduce_shared_memory_bank_conflicts=[None], use_igemm_convolution=[None])",[2],,#iree_gpu.mma_layout<MFMA_F32_16x16x4_F32>,128,128,64,128,2,1,2,2,"['--iree-hal-target-device=hip', '--iree-hip-target=gfx942', '--compile-from=executable-sources']",105,True,"['--input=1', '--benchmark_repetitions=3']",True,hip://5,True,49.17,50.33,36.33,1.02373,120,91,29,104,48.0,,tuning_2025_09_29_17_38/candidates/specs/105_spec.mlir
square_gemm_128_128_128_f32_f32_tB,106,contraction,sharkmi300x-4,gfx942,128,128,128,64,16,4,32,32,0,0,0,"[0, 1]",LLVMGPUVectorDistribute,"PipelineOptionsSearchSpace(prefetch_shared_memory=[True], no_reduce_shared_memory_bank_conflicts=[None], use_igemm_convolution=[None])",[2],,#iree_gpu.mma_layout<MFMA_F32_16x16x4_F32>,32,64,32,64,1,1,1,1,"['--iree-hal-target-device=hip', '--iree-hip-target=gfx942', '--compile-from=executable-sources']",106,True,"['--input=1', '--benchmark_repetitions=3']",True,hip://5,True,49.17,49.67,36.33,1.01017,93,80,13,104,48.0,,tuning_2025_09_29_17_38/candidates/specs/106_spec.mlir
square_gemm_128_128_128_f32_f32_tB,107,contraction,sharkmi300x-4,gfx942,128,128,128,64,16,4,32,32,0,0,0,"[0, 1]",LLVMGPUVectorDistribute,"PipelineOptionsSearchSpace(prefetch_shared_memory=[True], no_reduce_shared_memory_bank_conflicts=[None], use_igemm_convolution=[None])",[2],,#iree_gpu.mma_layout<MFMA_F32_16x16x4_F32>,64,64,16,64,1,1,1,1,"['--iree-hal-target-device=hip', '--iree-hip-target=gfx942', '--compile-from=executable-sources']",107,True,"['--input=1', '--benchmark_repetitions=3']",True,hip://6,True,58.0,54.33,36.33,0.93678,98,41,57,104,48.0,,tuning_2025_09_29_17_38/candidates/specs/107_spec.mlir
square_gemm_128_128_128_f32_f32_tB,108,contraction,sharkmi300x-4,gfx942,128,128,128,64,16,4,32,32,0,0,0,"[0, 1]",LLVMGPUVectorDistribute,"PipelineOptionsSearchSpace(prefetch_shared_memory=[True], no_reduce_shared_memory_bank_conflicts=[None], use_igemm_convolution=[None])",[2],,#iree_gpu.mma_layout<MFMA_F32_16x16x4_F32>,64,16,64,64,4,1,4,1,"['--iree-hal-target-device=hip', '--iree-hip-target=gfx942', '--compile-from=executable-sources']",108,True,"['--input=1', '--benchmark_repetitions=3']",True,hip://2,True,55.83,44.0,36.33,0.78806,78,10,68,104,48.0,105.8,tuning_2025_09_29_17_38/candidates/specs/108_spec.mlir
square_gemm_128_128_128_f32_f32_tB,109,contraction,sharkmi300x-4,gfx942,128,128,128,64,16,4,32,32,0,0,0,"[0, 1]",LLVMGPUVectorDistribute,"PipelineOptionsSearchSpace(prefetch_shared_memory=[True], no_reduce_shared_memory_bank_conflicts=[None], use_igemm_convolution=[None])",[2],,#iree_gpu.mma_layout<MFMA_F32_16x16x4_F32>,32,128,16,64,1,1,1,1,"['--iree-hal-target-device=hip', '--iree-hip-target=gfx942', '--compile-from=executable-sources']",109,True,"['--input=1', '--benchmark_repetitions=3']",True,hip://6,True,58.0,53.0,36.33,0.91379,102,36,66,104,48.0,,tuning_2025_09_29_17_38/candidates/specs/109_spec.mlir
square_gemm_128_128_128_f32_f32_tB,110,contraction,sharkmi300x-4,gfx942,128,128,128,64,16,4,32,32,0,0,0,"[0, 1]",LLVMGPUVectorDistribute,"PipelineOptionsSearchSpace(prefetch_shared_memory=[True], no_reduce_shared_memory_bank_conflicts=[None], use_igemm_convolution=[None])",[2],,#iree_gpu.mma_layout<MFMA_F32_16x16x4_F32>,128,64,16,128,4,1,4,2,"['--iree-hal-target-device=hip', '--iree-hip-target=gfx942', '--compile-from=executable-sources']",110,True,"['--input=1', '--benchmark_repetitions=3']",True,hip://2,True,55.83,53.0,36.33,0.94925,86,47,39,104,48.0,,tuning_2025_09_29_17_38/candidates/specs/110_spec.mlir
square_gemm_128_128_128_f32_f32_tB,111,contraction,sharkmi300x-4,gfx942,128,128,128,64,16,4,32,32,0,0,0,"[0, 1]",LLVMGPUVectorDistribute,"PipelineOptionsSearchSpace(prefetch_shared_memory=[True], no_reduce_shared_memory_bank_conflicts=[None], use_igemm_convolution=[None])",[2],,#iree_gpu.mma_layout<MFMA_F32_16x16x4_F32>,64,32,128,64,2,1,2,1,"['--iree-hal-target-device=hip', '--iree-hip-target=gfx942', '--compile-from=executable-sources']",111,True,"['--input=1', '--benchmark_repetitions=3']",True,hip://7,True,57.17,36.33,36.33,0.63557,104,1,103,104,48.0,105.8,tuning_2025_09_29_17_38/candidates/specs/111_spec.mlir
square_gemm_128_128_128_f32_f32_tB,112,contraction,sharkmi300x-4,gfx942,128,128,128,64,16,4,32,32,0,0,0,"[0, 1]",LLVMGPUVectorDistribute,"PipelineOptionsSearchSpace(prefetch_shared_memory=[True], no_reduce_shared_memory_bank_conflicts=[None], use_igemm_convolution=[None])",[2],,#iree_gpu.mma_layout<MFMA_F32_16x16x4_F32>,128,64,32,128,4,1,4,2,"['--iree-hal-target-device=hip', '--iree-hip-target=gfx942', '--compile-from=executable-sources']",112,True,"['--input=1', '--benchmark_repetitions=3']",True,hip://6,True,58.0,50.0,36.33,0.86207,96,19,77,104,48.0,,tuning_2025_09_29_17_38/candidates/specs/112_spec.mlir
square_gemm_128_128_128_f32_f32_tB,113,contraction,sharkmi300x-4,gfx942,128,128,128,64,16,4,32,32,0,0,0,"[0, 1]",LLVMGPUVectorDistribute,"PipelineOptionsSearchSpace(prefetch_shared_memory=[True], no_reduce_shared_memory_bank_conflicts=[None], use_igemm_convolution=[None])",[2],,#iree_gpu.mma_layout<MFMA_F32_16x16x4_F32>,64,128,32,128,1,1,1,2,"['--iree-hal-target-device=hip', '--iree-hip-target=gfx942', '--compile-from=executable-sources']",113,True,"['--input=1', '--benchmark_repetitions=3']",True,hip://5,True,49.17,52.33,36.33,1.06441,129,117,12,104,48.0,,tuning_2025_09_29_17_38/candidates/specs/113_spec.mlir
square_gemm_128_128_128_f32_f32_tB,114,contraction,sharkmi300x-4,gfx942,128,128,128,64,16,4,32,32,0,0,0,"[0, 1]",LLVMGPUVectorDistribute,"PipelineOptionsSearchSpace(prefetch_shared_memory=[True], no_reduce_shared_memory_bank_conflicts=[None], use_igemm_convolution=[None])",[2],,#iree_gpu.mma_layout<MFMA_F32_16x16x4_F32>,64,16,16,64,1,1,1,1,"['--iree-hal-target-device=hip', '--iree-hip-target=gfx942', '--compile-from=executable-sources']",114,True,"['--input=1', '--benchmark_repetitions=3']",True,hip://5,True,49.17,54.67,36.33,1.11186,97,127,30,104,48.0,,tuning_2025_09_29_17_38/candidates/specs/114_spec.mlir
square_gemm_128_128_128_f32_f32_tB,115,contraction,sharkmi300x-4,gfx942,128,128,128,64,16,4,32,32,0,0,0,"[0, 1]",LLVMGPUVectorDistribute,"PipelineOptionsSearchSpace(prefetch_shared_memory=[True], no_reduce_shared_memory_bank_conflicts=[None], use_igemm_convolution=[None])",[2],,#iree_gpu.mma_layout<MFMA_F32_16x16x4_F32>,128,128,16,64,2,1,2,1,"['--iree-hal-target-device=hip', '--iree-hip-target=gfx942', '--compile-from=executable-sources']",115,True,"['--input=1', '--benchmark_repetitions=3']",True,hip://2,True,55.83,64.0,36.33,1.14627,139,132,7,104,48.0,,tuning_2025_09_29_17_38/candidates/specs/115_spec.mlir
square_gemm_128_128_128_f32_f32_tB,116,contraction,sharkmi300x-4,gfx942,128,128,128,64,16,4,32,32,0,0,0,"[0, 1]",LLVMGPUVectorDistribute,"PipelineOptionsSearchSpace(prefetch_shared_memory=[True], no_reduce_shared_memory_bank_conflicts=[None], use_igemm_convolution=[None])",[2],,#iree_gpu.mma_layout<MFMA_F32_16x16x4_F32>,64,128,32,64,2,1,2,1,"['--iree-hal-target-device=hip', '--iree-hip-target=gfx942', '--compile-from=executable-sources']",116,True,"['--input=1', '--benchmark_repetitions=3']",True,hip://7,True,57.17,59.33,36.33,1.0379,137,105,32,104,48.0,,tuning_2025_09_29_17_38/candidates/specs/116_spec.mlir
square_gemm_128_128_128_f32_f32_tB,117,contraction,sharkmi300x-4,gfx942,128,128,128,64,16,4,32,32,0,0,0,"[0, 1]",LLVMGPUVectorDistribute,"PipelineOptionsSearchSpace(prefetch_shared_memory=[True], no_reduce_shared_memory_bank_conflicts=[None], use_igemm_convolution=[None])",[2],,#iree_gpu.mma_layout<MFMA_F32_16x16x4_F32>,64,64,64,64,2,1,2,1,"['--iree-hal-target-device=hip', '--iree-hip-target=gfx942', '--compile-from=executable-sources']",117,True,"['--input=1', '--benchmark_repetitions=3']",True,hip://7,True,57.17,46.33,36.33,0.8105,114,11,103,104,48.0,,tuning_2025_09_29_17_38/candidates/specs/117_spec.mlir
square_gemm_128_128_128_f32_f32_tB,118,contraction,sharkmi300x-4,gfx942,128,128,128,64,16,4,32,32,0,0,0,"[0, 1]",LLVMGPUVectorDistribute,"PipelineOptionsSearchSpace(prefetch_shared_memory=[True], no_reduce_shared_memory_bank_conflicts=[None], use_igemm_convolution=[None])",[2],,#iree_gpu.mma_layout<MFMA_F32_16x16x4_F32>,128,16,64,64,2,1,2,1,"['--iree-hal-target-device=hip', '--iree-hip-target=gfx942', '--compile-from=executable-sources']",118,True,"['--input=1', '--benchmark_repetitions=3']",True,hip://7,True,57.17,40.67,36.33,0.71137,108,4,104,104,48.0,105.8,tuning_2025_09_29_17_38/candidates/specs/118_spec.mlir
square_gemm_128_128_128_f32_f32_tB,119,contraction,sharkmi300x-4,gfx942,128,128,128,64,16,4,32,32,0,0,0,"[0, 1]",LLVMGPUVectorDistribute,"PipelineOptionsSearchSpace(prefetch_shared_memory=[True], no_reduce_shared_memory_bank_conflicts=[None], use_igemm_convolution=[None])",[2],,#iree_gpu.mma_layout<MFMA_F32_16x16x4_F32>,128,128,16,64,4,1,4,1,"['--iree-hal-target-device=hip', '--iree-hip-target=gfx942', '--compile-from=executable-sources']",119,True,"['--input=1', '--benchmark_repetitions=3']",True,hip://7,True,57.17,60.0,36.33,1.04956,117,111,6,104,48.0,,tuning_2025_09_29_17_38/candidates/specs/119_spec.mlir
square_gemm_128_128_128_f32_f32_tB,120,contraction,sharkmi300x-4,gfx942,128,128,128,64,16,4,32,32,0,0,0,"[0, 1]",LLVMGPUVectorDistribute,"PipelineOptionsSearchSpace(prefetch_shared_memory=[True], no_reduce_shared_memory_bank_conflicts=[None], use_igemm_convolution=[None])",[2],,#iree_gpu.mma_layout<MFMA_F32_16x16x4_F32>,32,128,32,128,2,1,2,2,"['--iree-hal-target-device=hip', '--iree-hip-target=gfx942', '--compile-from=executable-sources']",120,True,"['--input=1', '--benchmark_repetitions=3']",True,hip://2,True,55.83,40.33,36.33,0.72239,110,5,105,104,48.0,105.8,tuning_2025_09_29_17_38/candidates/specs/120_spec.mlir
square_gemm_128_128_128_f32_f32_tB,121,contraction,sharkmi300x-4,gfx942,128,128,128,64,16,4,32,32,0,0,0,"[0, 1]",LLVMGPUVectorDistribute,"PipelineOptionsSearchSpace(prefetch_shared_memory=[True], no_reduce_shared_memory_bank_conflicts=[None], use_igemm_convolution=[None])",[2],,#iree_gpu.mma_layout<MFMA_F32_16x16x4_F32>,128,32,16,128,4,1,4,2,"['--iree-hal-target-device=hip', '--iree-hip-target=gfx942', '--compile-from=executable-sources']",121,True,"['--input=1', '--benchmark_repetitions=3']",True,hip://7,True,57.17,49.67,36.33,0.8688,99,23,76,104,48.0,,tuning_2025_09_29_17_38/candidates/specs/121_spec.mlir
square_gemm_128_128_128_f32_f32_tB,122,contraction,sharkmi300x-4,gfx942,128,128,128,64,16,4,32,32,0,0,0,"[0, 1]",LLVMGPUVectorDistribute,"PipelineOptionsSearchSpace(prefetch_shared_memory=[True], no_reduce_shared_memory_bank_conflicts=[None], use_igemm_convolution=[None])",[2],,#iree_gpu.mma_layout<MFMA_F32_16x16x4_F32>,16,128,16,128,1,1,1,2,"['--iree-hal-target-device=hip', '--iree-hip-target=gfx942', '--compile-from=executable-sources']",122,True,"['--input=1', '--benchmark_repetitions=3']",True,hip://5,True,49.17,59.0,36.33,1.2,101,142,41,104,48.0,,tuning_2025_09_29_17_38/candidates/specs/122_spec.mlir
square_gemm_128_128_128_f32_f32_tB,123,contraction,sharkmi300x-4,gfx942,128,128,128,64,16,4,32,32,0,0,0,"[0, 1]",LLVMGPUVectorDistribute,"PipelineOptionsSearchSpace(prefetch_shared_memory=[True], no_reduce_shared_memory_bank_conflicts=[None], use_igemm_convolution=[None])",[2],,#iree_gpu.mma_layout<MFMA_F32_16x16x4_F32>,32,64,32,64,2,1,2,1,"['--iree-hal-target-device=hip', '--iree-hip-target=gfx942', '--compile-from=executable-sources']",123,True,"['--input=1', '--benchmark_repetitions=3']",True,hip://2,True,55.83,38.0,36.33,0.6806,112,3,109,104,48.0,105.8,tuning_2025_09_29_17_38/candidates/specs/123_spec.mlir
square_gemm_128_128_128_f32_f32_tB,124,contraction,sharkmi300x-4,gfx942,128,128,128,64,16,4,32,32,0,0,0,"[0, 1]",LLVMGPUVectorDistribute,"PipelineOptionsSearchSpace(prefetch_shared_memory=[True], no_reduce_shared_memory_bank_conflicts=[None], use_igemm_convolution=[None])",[2],,#iree_gpu.mma_layout<MFMA_F32_16x16x4_F32>,64,16,64,64,2,1,2,1,"['--iree-hal-target-device=hip', '--iree-hip-target=gfx942', '--compile-from=executable-sources']",124,True,"['--input=1', '--benchmark_repetitions=3']",True,hip://6,True,58.0,37.33,36.33,0.64368,109,2,107,104,48.0,105.8,tuning_2025_09_29_17_38/candidates/specs/124_spec.mlir
square_gemm_128_128_128_f32_f32_tB,125,contraction,sharkmi300x-4,gfx942,128,128,128,64,16,4,32,32,0,0,0,"[0, 1]",LLVMGPUVectorDistribute,"PipelineOptionsSearchSpace(prefetch_shared_memory=[True], no_reduce_shared_memory_bank_conflicts=[None], use_igemm_convolution=[None])",[2],,#iree_gpu.mma_layout<MFMA_F32_16x16x4_F32>,128,128,32,64,8,1,8,1,"['--iree-hal-target-device=hip', '--iree-hip-target=gfx942', '--compile-from=executable-sources']",125,True,"['--input=1', '--benchmark_repetitions=3']",True,hip://2,True,55.83,53.33,36.33,0.95522,125,51,74,104,48.0,,tuning_2025_09_29_17_38/candidates/specs/125_spec.mlir
square_gemm_128_128_128_f32_f32_tB,126,contraction,sharkmi300x-4,gfx942,128,128,128,64,16,4,32,32,0,0,0,"[0, 1]",LLVMGPUVectorDistribute,"PipelineOptionsSearchSpace(prefetch_shared_memory=[True], no_reduce_shared_memory_bank_conflicts=[None], use_igemm_convolution=[None])",[2],,#iree_gpu.mma_layout<MFMA_F32_16x16x4_F32>,128,64,16,128,1,1,1,2,"['--iree-hal-target-device=hip', '--iree-hip-target=gfx942', '--compile-from=executable-sources']",126,True,"['--input=1', '--benchmark_repetitions=3']",True,hip://2,True,55.83,47.67,36.33,0.85373,127,17,110,104,48.0,,tuning_2025_09_29_17_38/candidates/specs/126_spec.mlir
square_gemm_128_128_128_f32_f32_tB,127,contraction,sharkmi300x-4,gfx942,128,128,128,64,16,4,32,32,0,0,0,"[0, 1]",LLVMGPUVectorDistribute,"PipelineOptionsSearchSpace(prefetch_shared_memory=[True], no_reduce_shared_memory_bank_conflicts=[None], use_igemm_convolution=[None])",[2],,#iree_gpu.mma_layout<MFMA_F32_16x16x4_F32>,32,64,128,64,2,1,2,1,"['--iree-hal-target-device=hip', '--iree-hip-target=gfx942', '--compile-from=executable-sources']",127,True,"['--input=1', '--benchmark_repetitions=3']",True,hip://6,True,58.0,61.0,36.33,1.05172,122,115,7,104,48.0,,tuning_2025_09_29_17_38/candidates/specs/127_spec.mlir
square_gemm_128_128_128_f32_f32_tB,128,contraction,sharkmi300x-4,gfx942,128,128,128,64,16,4,32,32,0,0,0,"[0, 1]",LLVMGPUVectorDistribute,"PipelineOptionsSearchSpace(prefetch_shared_memory=[True], no_reduce_shared_memory_bank_conflicts=[None], use_igemm_convolution=[None])",[2],,#iree_gpu.mma_layout<MFMA_F32_16x16x4_F32>,64,64,128,64,2,1,2,1,"['--iree-hal-target-device=hip', '--iree-hip-target=gfx942', '--compile-from=executable-sources']",128,True,"['--input=1', '--benchmark_repetitions=3']",True,hip://6,True,58.0,52.0,36.33,0.89655,138,30,108,104,48.0,,tuning_2025_09_29_17_38/candidates/specs/128_spec.mlir
square_gemm_128_128_128_f32_f32_tB,129,contraction,sharkmi300x-4,gfx942,128,128,128,64,16,4,32,32,0,0,0,"[0, 1]",LLVMGPUVectorDistribute,"PipelineOptionsSearchSpace(prefetch_shared_memory=[True], no_reduce_shared_memory_bank_conflicts=[None], use_igemm_convolution=[None])",[2],,#iree_gpu.mma_layout<MFMA_F32_16x16x4_F32>,128,64,16,64,4,1,4,1,"['--iree-hal-target-device=hip', '--iree-hip-target=gfx942', '--compile-from=executable-sources']",129,True,"['--input=1', '--benchmark_repetitions=3']",True,hip://6,True,58.0,45.0,36.33,0.77586,113,9,104,104,48.0,105.8,tuning_2025_09_29_17_38/candidates/specs/129_spec.mlir
square_gemm_128_128_128_f32_f32_tB,130,contraction,sharkmi300x-4,gfx942,128,128,128,64,16,4,32,32,0,0,0,"[0, 1]",LLVMGPUVectorDistribute,"PipelineOptionsSearchSpace(prefetch_shared_memory=[True], no_reduce_shared_memory_bank_conflicts=[None], use_igemm_convolution=[None])",[2],,#iree_gpu.mma_layout<MFMA_F32_16x16x4_F32>,64,128,16,64,4,1,4,1,"['--iree-hal-target-device=hip', '--iree-hip-target=gfx942', '--compile-from=executable-sources']",130,True,"['--input=1', '--benchmark_repetitions=3']",True,hip://5,True,49.17,59.67,36.33,1.21356,116,146,30,104,48.0,,tuning_2025_09_29_17_38/candidates/specs/130_spec.mlir
square_gemm_128_128_128_f32_f32_tB,131,contraction,sharkmi300x-4,gfx942,128,128,128,64,16,4,32,32,0,0,0,"[0, 1]",LLVMGPUVectorDistribute,"PipelineOptionsSearchSpace(prefetch_shared_memory=[True], no_reduce_shared_memory_bank_conflicts=[None], use_igemm_convolution=[None])",[2],,#iree_gpu.mma_layout<MFMA_F32_16x16x4_F32>,64,32,64,64,1,1,1,1,"['--iree-hal-target-device=hip', '--iree-hip-target=gfx942', '--compile-from=executable-sources']",131,True,"['--input=1', '--benchmark_repetitions=3']",True,hip://5,True,49.17,47.67,36.33,0.96949,131,61,70,104,48.0,,tuning_2025_09_29_17_38/candidates/specs/131_spec.mlir
square_gemm_128_128_128_f32_f32_tB,132,contraction,sharkmi300x-4,gfx942,128,128,128,64,16,4,32,32,0,0,0,"[0, 1]",LLVMGPUVectorDistribute,"PipelineOptionsSearchSpace(prefetch_shared_memory=[True], no_reduce_shared_memory_bank_conflicts=[None], use_igemm_convolution=[None])",[2],,#iree_gpu.mma_layout<MFMA_F32_16x16x4_F32>,128,128,64,64,8,1,8,1,"['--iree-hal-target-device=hip', '--iree-hip-target=gfx942', '--compile-from=executable-sources']",132,True,"['--input=1', '--benchmark_repetitions=3']",True,hip://6,True,58.0,86.33,36.33,1.48851,130,152,22,104,48.0,,tuning_2025_09_29_17_38/candidates/specs/132_spec.mlir
square_gemm_128_128_128_f32_f32_tB,133,contraction,sharkmi300x-4,gfx942,128,128,128,64,16,4,32,32,0,0,0,"[0, 1]",LLVMGPUVectorDistribute,"PipelineOptionsSearchSpace(prefetch_shared_memory=[True], no_reduce_shared_memory_bank_conflicts=[None], use_igemm_convolution=[None])",[2],,#iree_gpu.mma_layout<MFMA_F32_16x16x4_F32>,64,128,64,64,2,1,2,1,"['--iree-hal-target-device=hip', '--iree-hip-target=gfx942', '--compile-from=executable-sources']",133,True,"['--input=1', '--benchmark_repetitions=3']",True,hip://7,True,57.17,59.33,36.33,1.0379,149,106,43,104,48.0,,tuning_2025_09_29_17_38/candidates/specs/133_spec.mlir
square_gemm_128_128_128_f32_f32_tB,134,contraction,sharkmi300x-4,gfx942,128,128,128,64,16,4,32,32,0,0,0,"[0, 1]",LLVMGPUVectorDistribute,"PipelineOptionsSearchSpace(prefetch_shared_memory=[True], no_reduce_shared_memory_bank_conflicts=[None], use_igemm_convolution=[None])",[2],,#iree_gpu.mma_layout<MFMA_F32_16x16x4_F32>,64,128,32,128,4,1,4,2,"['--iree-hal-target-device=hip', '--iree-hip-target=gfx942', '--compile-from=executable-sources']",134,True,"['--input=1', '--benchmark_repetitions=3']",True,hip://6,True,58.0,42.33,36.33,0.72989,118,6,112,104,48.0,105.8,tuning_2025_09_29_17_38/candidates/specs/134_spec.mlir
square_gemm_128_128_128_f32_f32_tB,135,contraction,sharkmi300x-4,gfx942,128,128,128,64,16,4,32,32,0,0,0,"[0, 1]",LLVMGPUVectorDistribute,"PipelineOptionsSearchSpace(prefetch_shared_memory=[True], no_reduce_shared_memory_bank_conflicts=[None], use_igemm_convolution=[None])",[2],,#iree_gpu.mma_layout<MFMA_F32_16x16x4_F32>,128,64,32,64,1,1,1,1,"['--iree-hal-target-device=hip', '--iree-hip-target=gfx942', '--compile-from=executable-sources']",135,True,"['--input=1', '--benchmark_repetitions=3']",True,hip://7,True,57.17,65.0,36.33,1.13703,153,131,22,104,48.0,,tuning_2025_09_29_17_38/candidates/specs/135_spec.mlir
square_gemm_128_128_128_f32_f32_tB,136,contraction,sharkmi300x-4,gfx942,128,128,128,64,16,4,32,32,0,0,0,"[0, 1]",LLVMGPUVectorDistribute,"PipelineOptionsSearchSpace(prefetch_shared_memory=[True], no_reduce_shared_memory_bank_conflicts=[None], use_igemm_convolution=[None])",[2],,#iree_gpu.mma_layout<MFMA_F32_16x16x4_F32>,64,128,32,128,2,1,2,2,"['--iree-hal-target-device=hip', '--iree-hip-target=gfx942', '--compile-from=executable-sources']",136,True,"['--input=1', '--benchmark_repetitions=3']",True,hip://2,True,55.83,42.67,36.33,0.76418,121,8,113,104,48.0,105.8,tuning_2025_09_29_17_38/candidates/specs/136_spec.mlir
square_gemm_128_128_128_f32_f32_tB,137,contraction,sharkmi300x-4,gfx942,128,128,128,64,16,4,32,32,0,0,0,"[0, 1]",LLVMGPUVectorDistribute,"PipelineOptionsSearchSpace(prefetch_shared_memory=[True], no_reduce_shared_memory_bank_conflicts=[None], use_igemm_convolution=[None])",[2],,#iree_gpu.mma_layout<MFMA_F32_16x16x4_F32>,64,32,128,64,1,1,1,1,"['--iree-hal-target-device=hip', '--iree-hip-target=gfx942', '--compile-from=executable-sources']",137,True,"['--input=1', '--benchmark_repetitions=3']",True,hip://5,True,49.17,55.67,36.33,1.1322,145,130,15,104,48.0,,tuning_2025_09_29_17_38/candidates/specs/137_spec.mlir
square_gemm_128_128_128_f32_f32_tB,138,contraction,sharkmi300x-4,gfx942,128,128,128,64,16,4,32,32,0,0,0,"[0, 1]",LLVMGPUVectorDistribute,"PipelineOptionsSearchSpace(prefetch_shared_memory=[True], no_reduce_shared_memory_bank_conflicts=[None], use_igemm_convolution=[None])",[2],,#iree_gpu.mma_layout<MFMA_F32_16x16x4_F32>,32,128,64,64,2,1,2,1,"['--iree-hal-target-device=hip', '--iree-hip-target=gfx942', '--compile-from=executable-sources']",138,True,"['--input=1', '--benchmark_repetitions=3']",True,hip://5,True,49.17,51.33,36.33,1.04407,136,108,28,104,48.0,,tuning_2025_09_29_17_38/candidates/specs/138_spec.mlir
square_gemm_128_128_128_f32_f32_tB,139,contraction,sharkmi300x-4,gfx942,128,128,128,64,16,4,32,32,0,0,0,"[0, 1]",LLVMGPUVectorDistribute,"PipelineOptionsSearchSpace(prefetch_shared_memory=[True], no_reduce_shared_memory_bank_conflicts=[None], use_igemm_convolution=[None])",[2],,#iree_gpu.mma_layout<MFMA_F32_16x16x4_F32>,64,128,16,64,1,1,1,1,"['--iree-hal-target-device=hip', '--iree-hip-target=gfx942', '--compile-from=executable-sources']",139,True,"['--input=1', '--benchmark_repetitions=3']",True,hip://6,True,58.0,70.33,36.33,1.21264,150,144,6,104,48.0,,tuning_2025_09_29_17_38/candidates/specs/139_spec.mlir
square_gemm_128_128_128_f32_f32_tB,140,contraction,sharkmi300x-4,gfx942,128,128,128,64,16,4,32,32,0,0,0,"[0, 1]",LLVMGPUVectorDistribute,"PipelineOptionsSearchSpace(prefetch_shared_memory=[True], no_reduce_shared_memory_bank_conflicts=[None], use_igemm_convolution=[None])",[2],,#iree_gpu.mma_layout<MFMA_F32_16x16x4_F32>,128,128,32,64,4,1,4,1,"['--iree-hal-target-device=hip', '--iree-hip-target=gfx942', '--compile-from=executable-sources']",140,True,"['--input=1', '--benchmark_repetitions=3']",True,hip://5,True,49.17,55.0,36.33,1.11864,148,128,20,104,48.0,,tuning_2025_09_29_17_38/candidates/specs/140_spec.mlir
square_gemm_128_128_128_f32_f32_tB,141,contraction,sharkmi300x-4,gfx942,128,128,128,64,16,4,32,32,0,0,0,"[0, 1]",LLVMGPUVectorDistribute,"PipelineOptionsSearchSpace(prefetch_shared_memory=[True], no_reduce_shared_memory_bank_conflicts=[None], use_igemm_convolution=[None])",[2],,#iree_gpu.mma_layout<MFMA_F32_16x16x4_F32>,128,64,32,128,2,1,2,2,"['--iree-hal-target-device=hip', '--iree-hip-target=gfx942', '--compile-from=executable-sources']",141,True,"['--input=1', '--benchmark_repetitions=3']",True,hip://7,True,57.17,59.0,36.33,1.03207,133,99,34,104,48.0,,tuning_2025_09_29_17_38/candidates/specs/141_spec.mlir
square_gemm_128_128_128_f32_f32_tB,142,contraction,sharkmi300x-4,gfx942,128,128,128,64,16,4,32,32,0,0,0,"[0, 1]",LLVMGPUVectorDistribute,"PipelineOptionsSearchSpace(prefetch_shared_memory=[True], no_reduce_shared_memory_bank_conflicts=[None], use_igemm_convolution=[None])",[2],,#iree_gpu.mma_layout<MFMA_F32_16x16x4_F32>,128,128,64,64,2,1,2,1,"['--iree-hal-target-device=hip', '--iree-hip-target=gfx942', '--compile-from=executable-sources']",142,True,"['--input=1', '--benchmark_repetitions=3']",True,hip://6,True,58.0,70.33,36.33,1.21264,154,145,9,104,48.0,,tuning_2025_09_29_17_38/candidates/specs/142_spec.mlir
square_gemm_128_128_128_f32_f32_tB,143,contraction,sharkmi300x-4,gfx942,128,128,128,64,16,4,32,32,0,0,0,"[0, 1]",LLVMGPUVectorDistribute,"PipelineOptionsSearchSpace(prefetch_shared_memory=[True], no_reduce_shared_memory_bank_conflicts=[None], use_igemm_convolution=[None])",[2],,#iree_gpu.mma_layout<MFMA_F32_16x16x4_F32>,64,64,64,64,4,1,4,1,"['--iree-hal-target-device=hip', '--iree-hip-target=gfx942', '--compile-from=executable-sources']",143,True,"['--input=1', '--benchmark_repetitions=3']",True,hip://7,True,57.17,55.33,36.33,0.96793,123,59,64,104,48.0,,tuning_2025_09_29_17_38/candidates/specs/143_spec.mlir
square_gemm_128_128_128_f32_f32_tB,144,contraction,sharkmi300x-4,gfx942,128,128,128,64,16,4,32,32,0,0,0,"[0, 1]",LLVMGPUVectorDistribute,"PipelineOptionsSearchSpace(prefetch_shared_memory=[True], no_reduce_shared_memory_bank_conflicts=[None], use_igemm_convolution=[None])",[2],,#iree_gpu.mma_layout<MFMA_F32_16x16x4_F32>,64,128,32,64,4,1,4,1,"['--iree-hal-target-device=hip', '--iree-hip-target=gfx942', '--compile-from=executable-sources']",144,True,"['--input=1', '--benchmark_repetitions=3']",True,hip://5,True,49.17,41.33,36.33,0.84068,141,16,125,104,48.0,,tuning_2025_09_29_17_38/candidates/specs/144_spec.mlir
square_gemm_128_128_128_f32_f32_tB,145,contraction,sharkmi300x-4,gfx942,128,128,128,64,16,4,32,32,0,0,0,"[0, 1]",LLVMGPUVectorDistribute,"PipelineOptionsSearchSpace(prefetch_shared_memory=[True], no_reduce_shared_memory_bank_conflicts=[None], use_igemm_convolution=[None])",[2],,#iree_gpu.mma_layout<MFMA_F32_16x16x4_F32>,32,64,16,64,1,1,1,1,"['--iree-hal-target-device=hip', '--iree-hip-target=gfx942', '--compile-from=executable-sources']",145,True,"['--input=1', '--benchmark_repetitions=3']",True,hip://6,True,58.0,50.33,36.33,0.86782,126,22,104,104,48.0,,tuning_2025_09_29_17_38/candidates/specs/145_spec.mlir
square_gemm_128_128_128_f32_f32_tB,146,contraction,sharkmi300x-4,gfx942,128,128,128,64,16,4,32,32,0,0,0,"[0, 1]",LLVMGPUVectorDistribute,"PipelineOptionsSearchSpace(prefetch_shared_memory=[True], no_reduce_shared_memory_bank_conflicts=[None], use_igemm_convolution=[None])",[2],,#iree_gpu.mma_layout<MFMA_F32_16x16x4_F32>,128,128,16,64,1,1,1,1,"['--iree-hal-target-device=hip', '--iree-hip-target=gfx942', '--compile-from=executable-sources']",146,True,"['--input=1', '--benchmark_repetitions=3']",True,hip://7,True,57.17,114.33,36.33,2.0,157,154,3,104,48.0,,tuning_2025_09_29_17_38/candidates/specs/146_spec.mlir
square_gemm_128_128_128_f32_f32_tB,147,contraction,sharkmi300x-4,gfx942,128,128,128,64,16,4,32,32,0,0,0,"[0, 1]",LLVMGPUVectorDistribute,"PipelineOptionsSearchSpace(prefetch_shared_memory=[True], no_reduce_shared_memory_bank_conflicts=[None], use_igemm_convolution=[None])",[2],,#iree_gpu.mma_layout<MFMA_F32_16x16x4_F32>,64,128,64,64,4,1,4,1,"['--iree-hal-target-device=hip', '--iree-hip-target=gfx942', '--compile-from=executable-sources']",147,True,"['--input=1', '--benchmark_repetitions=3']",True,hip://7,True,57.17,43.67,36.33,0.76385,140,7,133,104,48.0,105.8,tuning_2025_09_29_17_38/candidates/specs/147_spec.mlir
square_gemm_128_128_128_f32_f32_tB,148,contraction,sharkmi300x-4,gfx942,128,128,128,64,16,4,32,32,0,0,0,"[0, 1]",LLVMGPUVectorDistribute,"PipelineOptionsSearchSpace(prefetch_shared_memory=[True], no_reduce_shared_memory_bank_conflicts=[None], use_igemm_convolution=[None])",[2],,#iree_gpu.mma_layout<MFMA_F32_16x16x4_F32>,128,32,32,128,2,1,2,2,"['--iree-hal-target-device=hip', '--iree-hip-target=gfx942', '--compile-from=executable-sources']",148,True,"['--input=1', '--benchmark_repetitions=3']",True,hip://2,True,55.83,54.33,36.33,0.97313,132,63,69,104,48.0,,tuning_2025_09_29_17_38/candidates/specs/148_spec.mlir
square_gemm_128_128_128_f32_f32_tB,149,contraction,sharkmi300x-4,gfx942,128,128,128,64,16,4,32,32,0,0,0,"[0, 1]",LLVMGPUVectorDistribute,"PipelineOptionsSearchSpace(prefetch_shared_memory=[True], no_reduce_shared_memory_bank_conflicts=[None], use_igemm_convolution=[None])",[2],,#iree_gpu.mma_layout<MFMA_F32_16x16x4_F32>,128,128,64,64,1,1,1,1,"['--iree-hal-target-device=hip', '--iree-hip-target=gfx942', '--compile-from=executable-sources']",149,True,"['--input=1', '--benchmark_repetitions=3']",True,hip://6,True,58.0,107.33,36.33,1.85057,158,153,5,104,48.0,,tuning_2025_09_29_17_38/candidates/specs/149_spec.mlir
square_gemm_128_128_128_f32_f32_tB,150,contraction,sharkmi300x-4,gfx942,128,128,128,64,16,4,32,32,0,0,0,"[0, 1]",LLVMGPUVectorDistribute,"PipelineOptionsSearchSpace(prefetch_shared_memory=[True], no_reduce_shared_memory_bank_conflicts=[None], use_igemm_convolution=[None])",[2],,#iree_gpu.mma_layout<MFMA_F32_16x16x4_F32>,32,128,16,128,1,1,1,2,"['--iree-hal-target-device=hip', '--iree-hip-target=gfx942', '--compile-from=executable-sources']",150,True,"['--input=1', '--benchmark_repetitions=3']",True,hip://7,True,57.17,50.67,36.33,0.8863,128,26,102,104,48.0,,tuning_2025_09_29_17_38/candidates/specs/150_spec.mlir
square_gemm_128_128_128_f32_f32_tB,151,contraction,sharkmi300x-4,gfx942,128,128,128,64,16,4,32,32,0,0,0,"[0, 1]",LLVMGPUVectorDistribute,"PipelineOptionsSearchSpace(prefetch_shared_memory=[True], no_reduce_shared_memory_bank_conflicts=[None], use_igemm_convolution=[None])",[2],,#iree_gpu.mma_layout<MFMA_F32_16x16x4_F32>,128,128,64,128,1,1,1,2,"['--iree-hal-target-device=hip', '--iree-hip-target=gfx942', '--compile-from=executable-sources']",151,True,"['--input=1', '--benchmark_repetitions=3']",True,hip://2,True,55.83,64.33,36.33,1.15224,155,135,20,104,48.0,,tuning_2025_09_29_17_38/candidates/specs/151_spec.mlir
square_gemm_128_128_128_f32_f32_tB,152,contraction,sharkmi300x-4,gfx942,128,128,128,64,16,4,32,32,0,0,0,"[0, 1]",LLVMGPUVectorDistribute,"PipelineOptionsSearchSpace(prefetch_shared_memory=[True], no_reduce_shared_memory_bank_conflicts=[None], use_igemm_convolution=[None])",[2],,#iree_gpu.mma_layout<MFMA_F32_16x16x4_F32>,64,128,16,128,1,1,1,2,"['--iree-hal-target-device=hip', '--iree-hip-target=gfx942', '--compile-from=executable-sources']",152,True,"['--input=1', '--benchmark_repetitions=3']",True,hip://6,True,58.0,60.67,36.33,1.04598,146,110,36,104,48.0,,tuning_2025_09_29_17_38/candidates/specs/152_spec.mlir
square_gemm_128_128_128_f32_f32_tB,153,contraction,sharkmi300x-4,gfx942,128,128,128,64,16,4,32,32,0,0,0,"[0, 1]",LLVMGPUVectorDistribute,"PipelineOptionsSearchSpace(prefetch_shared_memory=[True], no_reduce_shared_memory_bank_conflicts=[None], use_igemm_convolution=[None])",[2],,#iree_gpu.mma_layout<MFMA_F32_16x16x4_F32>,128,64,32,64,8,1,8,1,"['--iree-hal-target-device=hip', '--iree-hip-target=gfx942', '--compile-from=executable-sources']",153,True,"['--input=1', '--benchmark_repetitions=3']",True,hip://6,True,58.0,54.33,36.33,0.93678,134,42,92,104,48.0,,tuning_2025_09_29_17_38/candidates/specs/153_spec.mlir
square_gemm_128_128_128_f32_f32_tB,154,contraction,sharkmi300x-4,gfx942,128,128,128,64,16,4,32,32,0,0,0,"[0, 1]",LLVMGPUVectorDistribute,"PipelineOptionsSearchSpace(prefetch_shared_memory=[True], no_reduce_shared_memory_bank_conflicts=[None], use_igemm_convolution=[None])",[2],,#iree_gpu.mma_layout<MFMA_F32_16x16x4_F32>,64,64,32,64,1,1,1,1,"['--iree-hal-target-device=hip', '--iree-hip-target=gfx942', '--compile-from=executable-sources']",154,True,"['--input=1', '--benchmark_repetitions=3']",True,hip://2,True,55.83,57.33,36.33,1.02687,151,94,57,104,48.0,,tuning_2025_09_29_17_38/candidates/specs/154_spec.mlir
square_gemm_128_128_128_f32_f32_tB,155,contraction,sharkmi300x-4,gfx942,128,128,128,64,16,4,32,32,0,0,0,"[0, 1]",LLVMGPUVectorDistribute,"PipelineOptionsSearchSpace(prefetch_shared_memory=[True], no_reduce_shared_memory_bank_conflicts=[None], use_igemm_convolution=[None])",[2],,#iree_gpu.mma_layout<MFMA_F32_16x16x4_F32>,128,128,32,128,4,1,4,2,"['--iree-hal-target-device=hip', '--iree-hip-target=gfx942', '--compile-from=executable-sources']",155,True,"['--input=1', '--benchmark_repetitions=3']",True,hip://7,True,57.17,57.33,36.33,1.00292,144,75,69,104,48.0,,tuning_2025_09_29_17_38/candidates/specs/155_spec.mlir
square_gemm_128_128_128_f32_f32_tB,156,contraction,sharkmi300x-4,gfx942,128,128,128,64,16,4,32,32,0,0,0,"[0, 1]",LLVMGPUVectorDistribute,"PipelineOptionsSearchSpace(prefetch_shared_memory=[True], no_reduce_shared_memory_bank_conflicts=[None], use_igemm_convolution=[None])",[2],,#iree_gpu.mma_layout<MFMA_F32_16x16x4_F32>,128,128,32,128,2,1,2,2,"['--iree-hal-target-device=hip', '--iree-hip-target=gfx942', '--compile-from=executable-sources']",156,True,"['--input=1', '--benchmark_repetitions=3']",True,hip://5,True,49.17,61.67,36.33,1.25424,152,148,4,104,48.0,,tuning_2025_09_29_17_38/candidates/specs/156_spec.mlir
square_gemm_128_128_128_f32_f32_tB,157,contraction,sharkmi300x-4,gfx942,128,128,128,64,16,4,32,32,0,0,0,"[0, 1]",LLVMGPUVectorDistribute,"PipelineOptionsSearchSpace(prefetch_shared_memory=[True], no_reduce_shared_memory_bank_conflicts=[None], use_igemm_convolution=[None])",[2],,#iree_gpu.mma_layout<MFMA_F32_16x16x4_F32>,128,16,64,64,4,1,4,1,"['--iree-hal-target-device=hip', '--iree-hip-target=gfx942', '--compile-from=executable-sources']",157,True,"['--input=1', '--benchmark_repetitions=3']",True,hip://2,True,55.83,46.67,36.33,0.83582,135,14,121,104,48.0,,tuning_2025_09_29_17_38/candidates/specs/157_spec.mlir
square_gemm_128_128_128_f32_f32_tB,158,contraction,sharkmi300x-4,gfx942,128,128,128,64,16,4,32,32,0,0,0,"[0, 1]",LLVMGPUVectorDistribute,"PipelineOptionsSearchSpace(prefetch_shared_memory=[True], no_reduce_shared_memory_bank_conflicts=[None], use_igemm_convolution=[None])",[2],,#iree_gpu.mma_layout<MFMA_F32_16x16x4_F32>,128,16,32,64,2,1,2,1,"['--iree-hal-target-device=hip', '--iree-hip-target=gfx942', '--compile-from=executable-sources']",158,True,"['--input=1', '--benchmark_repetitions=3']",True,hip://2,True,55.83,46.67,36.33,0.83582,143,15,128,104,48.0,,tuning_2025_09_29_17_38/candidates/specs/158_spec.mlir
